guna_word,spanish_word,synonyms,english_word,english_synonyms
Wiloed,Añadir,,Add,#VALUE!
Wiloged,Añadir más líquido,,Add more liquid,#VALUE!
Owisoged,Informar,"Avisar, Notificar, Anunciar, , ",Report,"Warning, Report, Advertise,"
Oyoed,Mostrar,"Manifestar, Expresar, Exponer, , ",To show,"Express, express, display,"
Oyeged,Mostrar,"Exponer, , , , ",To show,"Expose, , , ,"
Oyoggued,Perder,"Extraviar, , , , ",To lose,"Misplacing,,,,"
Oeged,Perder,"Extraviar, , , , ",To lose,"Misplacing,,,,"
Aadi,eso,,That,#VALUE!
Abbalalla,Centrico,,Central,#VALUE!
Anna,Hola,"Que tal, , , , ",Hi,"How are you, , , ,"
Saa,Excremento,"Heces, Excreta, Oxido, , ",Excrement,"Stool, Excreta, rust,"
Saabio,Diarrea,"Evacuaciones liquidas, , , , ",Diarrhea,"Evacuations liquids,,,,"
Disegad,Diarrea,,Diarrhea,#VALUE!
Sadib,Diarrea,,Diarrhea,#VALUE!
Saamesed,Oxidarse,"Corroerse, , , , ",Rust,"Corroding,,,,"
Saban,Estómago,"Vientre, , , , ",Stomach,"Belly, , , ,"
Sader,Estómago,"Vientre, , , , ",Stomach,"Belly, , , ,"
Sagi,Estómago,"Vientre, , , , ",Stomach,"Belly, , , ,"
Sabban,Leña,,Firewood,#VALUE!
Sabbi,Arbol,"Arbusto, , , , ",Tree,"Bush,,,,"
Naa,Hola,"Que tal, , , , ",Hi,"How are you, , , ,"
Sabbibenega,Seno materno,,womb,#VALUE!
Sabbidurba,Fruta,,Fruit,#VALUE!
Sabbigaa,Hoja del arbol,,Leaf of the tree,#VALUE!
Sabbigarda,Arbol de hojas amargas,,Tree bitter leaves,#VALUE!
Sabbimali,Raíz del árbol,,Tree's root,#VALUE!
Sabbimima,Cogollo de la raíz de la planta,,Whorl root of the plant,#VALUE!
Sabbin,Joven,"Discíoulo, Alumno, , , ",Young,"Discíoulo, Student,,,"
Sabbir,Zurdo,"Izquierda, , , , ",Left handed,"Left, , , ,"
Sabbiled,Zurdo,"Izquierda, , , , ",Left handed,"Left, , , ,"
Sabbisagla,Raíz del árbol,,Tree's root,#VALUE!
Annaed,Pisar,,Step,#VALUE!
Sabbimali,Raíz del árbol,,Tree's root,#VALUE!
Sabbiugga,Corteza de árbol,,Tree bark,#VALUE!
Sabbiwar,Tronco de árbol,,Tree trunk,#VALUE!
Sabbiwala,Tronco de árbol,,Tree trunk,#VALUE!
Sabbur,Bosque,"Monte, Selva, , , ",Forest,"Monte Forest,"
Sabdur,Jagua,,Jagua,#VALUE!
Sidsi,Jagua,,Jagua,#VALUE!
Sabed,Amor,"Cariño, Afecto, , , ",Love,"Love, affection,,,"
Sabga,Carta,"Mensaje, Hoja, cuaderno, , ",Letter,"Message, leaf notebook,"
Sabgaaled,Chocolate,"Marrón, , , , ",Chocolate,"Brown, , , ,"
Annugged,Lavarse las manos,,Handwashing,#VALUE!
Nabbagiid,Chocolate,"Marrón, , , , ",Chocolate,"Brown, , , ,"
Sabgasuwar,Lápiz,"Lapicero, , , , ",Pencil,"Pen, , , ,"
Sabgued,Amar,"Encariñarse, , , , ",to love,"Fond,,,,"
Saboged,Guardar,"Ahorrar, Conservar, Archivar, , ",save,"Save, Save, Save,"
Sabsursaed,Maltratar,"Dañar, Lastimar, , , ",Mistreat,"Damaging, Hurting,,,"
Sabured,Enagua,"Frazada, , , , ",petticoat,"Blankie,,,,"
Sadde,No hay,"Nada, Cero, , , ",There is not,"Nothing, Zero,"
Saddewar,Palo santo,,Lignum vitae,#VALUE!
Saddewala,Palo santo,,Lignum vitae,#VALUE!
Sader,Estómago,"Vientre, , , , ",Stomach,"Belly, , , ,"
Ansig,Hacia mi,"Del lado mio, , , , ",To me,"From my side,,"
Sagi,Estómago,"Vientre, , , , ",Stomach,"Belly, , , ,"
Sadued,Defecar,"Excretar, Deponer, , , ",Defecate,"Excrete, overthrow,,,"
Disnaed,Defecar,,Defecate,#VALUE!
Aggued,Defecar,,Defecate,#VALUE!
Sae,Ayer,,Yesterday,#VALUE!
Saed,Hacer,"Realizar, Ejecutar, , , ",Do,"Make, run,,,"
Imagged,Hacer,"Realizar, Ejecutar, , , ",Do,"Make, run,,,"
Saedagged,Odiar,"Repudiar, , , , ",Hate,"Repudiating,,,,"
Isdardagged,Odiar,"Repudiar, , , , ",Hate,"Repudiating,,,,"
Saeiddoged,Disgustarse,,Upset,#VALUE!
Ansiggi,Hacia mi,"Del lado mio, , , , ",To my,"From my side,,"
Sagbundor,Suegra,,Mother in law,#VALUE!
Saggabunadola,Suegra,,Mother in law,#VALUE!
Sagga,Suegro o suegra,,Father or mother,#VALUE!
Saggan,Ala,"Aleta, , , , ",To,"Fin,,,,"
Saggi,Red,"Malla, , , , ",Net,"Malla,,,,"
Saggileged,Machucarse,"Magullarse, Ser robado, , , ",Machucarse,"Bruising, stolen,,,"
Saggumagged,Masticar,"Mascar, , , , ",Chew,"Munching,,,,"
Saggwa,Brazo,,Arm,#VALUE!
Surgan,Brazo,,Arm,#VALUE!
Swida,Brazo,,Arm,#VALUE!
Ansu,Sirena,,Siren,#VALUE!
Sagi,Estómago,,Stomach,#VALUE!
Sagirburwa,Viento del noroeste,,Wind northwest,#VALUE!
Sagisuid,Glotón,"Insaciable, Hambriento, , , ",Glutton,"Insatiable, Hungry,,,"
Sagla,Guía religioso,"Autoridad de la comunidad, , , , ",Religious leader,"Authority of the community,,,,"
Sagladummad,Autoridad mayor comarcal,,Greater local authority,#VALUE!
Saglagia,Cabello,"Pelo, , , , ",Hair,"Hair, , , ,"
Saglar,Con toda la raíz,,With all the root,#VALUE!
Saglale,Con toda la raíz,,With all the root,#VALUE!
Saglabela,Con toda la raíz,,With all the root,#VALUE!
Saglasibu,Cana,"Pelo blanco, , , , ",Cane,"White hair, , , ,"
Anwar,Envuelto,"Refiere a medicamento o alimento, , , , ",Wrapped,"Refer to medicine or food,,,,"
Nonosibu,Cabello blanco,,White hair,#VALUE!
Sagmassered,Suegro,,Father in law,#VALUE!
Saggamassseredi,Suegro,,Father in law,#VALUE!
Sagu,Saco,"Bolsa, , , , ",Coat,"Bag, , , ,"
Salli,Martín Pescador,,Kingfisher,#VALUE!
Sallig,Llevar algo a la cadera,,Bring something to the hip,#VALUE!
Salliggine,Llevar algo a la cadera,,Bring something to the hip,#VALUE!
Salluleged,Magullarse,,Bruise,#VALUE!
Salu,Almeja del río,,Clam River,#VALUE!
Samor,Pañal,"Sabanilla, , , , ",Diaper,"Sabanilla,,,,"
Anwale,Envuelto,,Wrapped,#VALUE!
Samu,Comején,,Termite,#VALUE!
Samur,Intestino,"Entraña, Víscera, , , ",Intestine,"Entraña, Viscera,,"
Sana,Cuándo,,When,#VALUE!
Ingua,Cuándo,,When,#VALUE!
Sana,Carne,,Meat,#VALUE!
Sanargued,Demorar,"Apersonarse, Manifestarse, Aparecer, , ",Delay,"Apersonarse, Manifesting, Appear,"
Sangwa,Esposa," Mujer de, , , , ",Wife," Woman of, , , ,"
Ome,Esposa,"Mujer, , , , ",Wife,"Woman, , , ,"
Sargag,Variedad de Tucán,,Variety of toucan,#VALUE!
Saligagga,Variedad de Tucán,,Variety of toucan,#VALUE!
Anwed,Envolver,,Wrap,#VALUE!
Sargi,Bejuco,,Bejuco,#VALUE!
Sarsoged,Pegar,"Golpear, , , , ",Paste,"Hit, , , ,"
Sasir,Cintura,,Waist,#VALUE!
Saya,Ano,,Year,#VALUE!
Saataa,Ano,,Year,#VALUE!
Sayee,Insípido,,Tasteless,#VALUE!
Sayegwa,Insípido,"Desaborido, , , , ",Tasteless,"Bland,,,,"
Sedaged,Traer hacia uno,,Bring to one,#VALUE!
Seded,Cargar,"Transportar, , , , ",Load,"Transport,,"
Sedo,Tarde,"Por la tarde, , , , ",Late,"In the afternoon, , , ,"
Abanned,Olor,,Odor,#VALUE!
Arad,Azul,,blue,#VALUE!
Dadnade,Tarde,"Por la tarde, , , , ",Late,"In the afternoon, , , ,"
Sedogwen,Apenas anochecio,"Al oscurecer, , , , ",Just got dark,"In the dark,,,,"
See,Aleta,"De verbo semilla, , , , ",Fin,"Verb seed,,"
Seed,Llevar,"Cargar, Guiar, Gobernar, , ",Carry,"Load, guide, govern,"
Segar,Fósforo,"Cerilla, , , , ",Match,"Matchstick,,,,"
Seggar,Fósforo,,Match,#VALUE!
Sela,Marinero,"Navegante, , , , ",Sailor,"Navegante,,,,"
Selelleged,Fuerte,"Duro, Macizo, Sólido, , ",Strong,"Hard, Solid, Solid,"
Duddusulid,Fuerte,"Duro, Macizo, Sólido, , ",Strong,"Hard, Solid, Solid,"
Senigwa,De tamaño menor,"No tan pequeño, , , , ",Smaller size,"Not so small,,,,"
Aramagged,Avivarse el fuego,,Fire flare up,#VALUE!
Saisaale,De tamaño pequeño,"No tan pequeño, , , , ",Small size,"Not so small,,,,"
Yaigwa,De tamaño pequeño,,Small size,#VALUE!
Senya,Axila,"Sobaco, , , , ",Armpit,"Underarm,,,,"
Sered,Viejo,"Mayores, Antepasados, , , ",Old,"Seniors, Ancestors,,"
Sergan,Viejos,"Mayores, , , , ",Old,"Greater, , , ,"
Sergued,Paso de pubertad,,Step puberty,#VALUE!
Yaaleged,Paso de pubertad,,Step puberty,#VALUE!
Sese,Saltamontes,"Insecto, Grillo, , , ",Grasshopper,"Insect cricket,"
Siagwa,Cacao,,Cocoa,#VALUE!
Sia,Sobrina,"Cacao, , , , ",Niece,"Cocoa,,,,"
Arbaed,Trabajar,"Afanarse, Laborar, , , ",To work,"Striving, Laboring,,,"
Sianar,Brasero,"Recipiente de arcilla, , , ",Brazier,"Container clay,"
Sianala,Brasero de arcilla,,Clay brazier,#VALUE!
Sibad,Chivo,"Cabra, , , , ",Goat,"Goat, , , ,"
Sibbor,Rubia,"Mujer de color claro, , , , ",Blonde,"Light colored woman,,,,"
Sibbu,Rubio,"Varón de color claro, , , , ",blond,"Light-colored male,,,,"
Sibbugwad,Blanco,,White,#VALUE!
Sibbusuli,Oscuro,"Tosco, Negro, , , ",Dark,"Tosco, Black,,,"
Gorosuli,Oscuro,"Fosco, Negro, , , ",Dark,"Fosco, Black,,,"
Sibeb,Escarabajo,,Beetle,#VALUE!
Sidsi,Jagua,,Jagua,#VALUE!
Arbag,A escondidas,"A espaldas,  A hurtadillas, , , ",Secretly,"Behind, Stealthily,"
Sabdur,Jagua,,Jagua,#VALUE!
Sidsid,Negro,"Oscuro, Prieto, , , ",Black,"Dark, tight,"
Sidsir,Hormiga,,Ant,#VALUE!
Sied,Sentar a alguien,"Colocar, Poner, Colocar, , ",Lay someone,"Place, Put, Put,"
Siga,Vello,"Barba, Pelo, , , ",Hair,"Beard, hair,,,"
Absar,Vello,"barba, Pelo, , , ",Hair,"beard, hair,,,"
Absala,Vello,"Barba, Pelo, , , ",Hair,"Beard, hair,,,"
Sigabula,Pez barbudo,"Barbón, Barbudo, , , ",Bearded fish,"Bearded, bearded,,,"
Sigali,Cigarrillo,,Cigarette,#VALUE!
Siged,Sentarse,"Tomar asiento, Posarse, , , ",Sit down,"Sit, Perch,,,"
Arbagge,A escondidas,"A espaldas, , , , ",Secretly,"Behind,,,,"
Siggasigga,Picotear,"Picar, No dar en el blanco, , , ",Peck,"Chopping, Not to hit the target,,,"
Sigged,Cortar,"Seccionar, Trozar, Partir, , ",Cut,"Sectioning, Bucking, Splitting,"
Siggirmagged,Echarse atrás,"Retroceder, Retroceso, , , ",Back down,"Rewind, Rewind,,,"
Siggwas,Breve,"Poco, No mucho, , , ",Brief,"Little, not much,"
Siggwasobunnoged,Descanso breve ,"Signo de coma, , , , ",short break,"Comma sign,,,,"
Siggwi,Pájaro,"Ave, Secretario, Interprete, , ",Bird,"Ave, Secretary, Interpret,"
Siggwigolo,Canario,,Canary,#VALUE!
Siggwisis,Talingo,"Changamé, , , , ",Talingo,"Changamé,,,,"
Siggwisidsi,Talingo,,Talingo,#VALUE!
Ammaser,Talingo,,Talingo,#VALUE!
Arbaggegwa,A escondidas,"A espaldas, , , , ",Secretly,"Behind,,,,"
Ammasele,Talingo,,Talingo,#VALUE!
Sigli,Pavón,,bronzing,#VALUE!
Sigu,Flecha,"Dardo, , , , ",Arrow,"Dardo,,,,"
Sile,Canasta,"Cesto grande, , , , ",Basket,"Large basket,,"
Silisilid,Asma,,Asthma,#VALUE!
Gullugullud,Asma,,Asthma,#VALUE!
Sirsirid,Asma,,Asthma,#VALUE!
Simmur,Nudo,,Knot,#VALUE!
Simu,Ombligo,,Belly button,#VALUE!
Arbi,Estuvo,"Vino, , , , ",He was,"Wine, , , ,"
Sina,Puerco,"Cerdo, , , , ",Pig,"Pork, , , ,"
Sindua,Jamón,"Pierna de puerco, , , , ",Ham,"Pork leg,,"
Singalu,Porqueriza,"Chiquero, , , , ",Pigsty,"Pigsty,,,,"
Sinneg,Porqueriza,,Pigsty,#VALUE!
Singwallu,Grasa,"Matenca de puerco, , , , ",Grease,"Matenca pork,,,,"
Sinna,Pájaro Carpintero,,Woodpecker,#VALUE!
Sinnisinni,Arrugado,"Ajado, , , , ",Wrinkled,"I rumpled,,,,"
Babbibabbi,Arrugado,"Ajado, , , , ",Wrinkled,"I rumpled,,,,"
Dunnudunnu,Arrugado,"Ajado, , , , ",Wrinkled,"I rumpled,,,,"
Sisa,Bebida alcoholica,,Alcoholic beverage,#VALUE!
Sisgwa,Hija," Pasada periodo de pubertad, , , , ",Daughter," Last period of puberty,,,,"
Sobed,Construir,"Dibujar, Persona que prepara bebida fermentada de caña, , , ",Build,"Draw, Person preparing fermented cane juice,"
Sodso,Sobra,"Pedazo medio usado, , , , ",Surplus,"Half used piece,,"
Sodsogwale,Picado,"Raspado, Lacerado, , , ",Chopped,"Scraping, Lacerated,,"
Gwiligwili,Picado,"Raspado, , , , ",Chopped,"Scraped off, , , ,"
Sogag,Cocina,,Kitchen,#VALUE!
Sogannoged,Altizar el fuego,,Altizar fire,#VALUE!
Oaramagged,Atizar fuego,,Poking fire,#VALUE!
Soged,Decir,"Manifestar, Comunicar, Expresar, , ",Tell,"Express, communicate, express,"
Bied,Decir,"Pronunciar, , , , ",Tell,"To pronounce, , , ,"
Argaale,Abierto,,Open,#VALUE!
Soggu,Como es así," Como se dice eso, , , , ",As it is well," How do you say that, , , ,"
Segegua,Como es así,"Como se dice eso, , , , ",As it is well,"How do you say that, , , ,"
Sogun,Brasa,"Carbón, , , , ",hot coal,"Coal, , , ,"
Solaba,De último,,Last,#VALUE!
Solabali,De último,"Ultimo, , , , ",Last,"Latest, , , ,"
Solanabbi,De último,,Last,#VALUE!
Sole,Acido,"Agrio, , , , ",Acid,"Agrio,,,,"
Solerba,Muy ácido,,Very acid,#VALUE!
Solesolegwa,Ligeramente ácido,,Slightly acidic,#VALUE!
Somgued,Grosor,"Espesura, , , , ",Thickness,"Thickets,,,,"
Egaar,Abierto,,Open,#VALUE!
Sone,Anda,"Camina, Vamos, , , ",Anda,"Walks, Come,"
Soo,Fuego,"Fogón, , , , ",Fire,"Cooker,,,,"
Sor,Trasero,"Nalga, Glúteo, , , ",Rear,"Buttocks, gluteus,"
Sola,Trasero,"Nalga, , , , ",Rear,"Buttocks,,,,"
Sorba,Detrás,"Después de, Atrás, , , ",Behind,"After, Back,"
Solabali,Detrás,"Después de, Atrás, , , ",Behind,"After, Back,"
Sorgaed,Timonear,"Manejar, Conducir, , , ",timonear,"Driving, Driving,"
Sorgar,Pelvis,,Pelvis,#VALUE!
Sorgwagwa,Corto,"Muy corto, , , , ",Short,"Very short, , , ,"
Giale,"Corto,Muy corto",,"Short, very short",#VALUE!
Yabbanned,Olor,,Odor,#VALUE!
Egaale,Abierto,,Open,#VALUE!
Giaggwagwa,Corto,"Muy Corto, , , , ",Short,"Very short, , , ,"
Sorsig,Invertido,"Al revés, Inverso, , , ",Invested,"In the reverse, Inverso,,,"
Sorsiggi,Por el trasero,,On the back,#VALUE!
Sour,Barco,"Navío, Buque, , , ",Ship,"Ship, Ship,,,"
Soulu,Barco,"Navío, Buque, , , ",Ship,"Ship, Ship,,,"
Sourguggualed,Avión,"Aeroplano, Aeronave, , , ",Plane,"Airplane, aircraft,,,"
Guggualed,Avión,,Plane,#VALUE!
Suba,Saco,"Chaqueta, Gabán, , , ",Coat,"Jacket, Gaban,,,"
Subbe,Instrumento musical de bambú,,Bamboo musical instrument,#VALUE!
Sue,Arcoiris,,Arcoiris,#VALUE!
Argaed,Vigilar,"Rondar, Observar, Abrirse, , ",Look out,"Prowling, observe, open,,"
Sued,Escoger,"Seleccionar, Coger, , , ",Choose,"Select, catch,,,"
Suenamor,Bandera,"Estandarte, , , , ",flag,"Banner,,,,"
Suenamola,Bandera,"Estandarte, , , , ",flag,"Banner,,,,"
Bander,Bandera,,flag,#VALUE!
Suga,Cangrejo,,Crab,#VALUE!
Sugagli,Cangreso manglero,,Cangreso manglero,#VALUE!
Aglisug,Cangreso manglero,,Cangreso manglero,#VALUE!
Aglisuga,Cangrejo Manglero,,crab bellied,#VALUE!
Sugwedar,Cangreso manglero,,Cangreso manglero,#VALUE!
Suggammi,Jaiba,,Jaiba,#VALUE!
Argan,Mano,,Hand,#VALUE!
Niggibili,Jaiba,,Jaiba,#VALUE!
Sugge,Corriente fluvial,,current river,#VALUE!
Suggu,Pez espada,,Swordfish,#VALUE!
Suggun,Esquina,"Bahía, Ensenada, , , ",Corner,"Bay, Ensenada,,,"
Sugmurmurud,Centollo,,spider-crab,#VALUE!
Sugsugsaed,Chupar,"Sorber, , , , ",Suck,"Slurp,,,,"
sugswili,Cangrejo moro,,moro crab,#VALUE!
Sugued,Medida de longitud,,Measuring length,#VALUE!
Sugwedar,Cangreso manglero,,Cangreso manglero,#VALUE!
Argana,mano,,hand,#VALUE!
Sugweddar,Cangreso manglero,,Cangreso manglero,#VALUE!
Aglisug,Cangreso manglero,,Cangreso manglero,#VALUE!
Aglisuga,Cangrejo manglero,,crab manglero,#VALUE!
Sugagli,Cangrejo manglero,,crab manglero,#VALUE!
Sui,Marido,"Esposo, , , , ",Husband,"Husband,,,,"
Uga,Marido,"Esposo, , , , ",Husband,"Husband,,,,"
Suibagga,Largo,"Bastante largo, , , , ",Long,"Quite long, , , ,"
Suidbagga,Largo,"Bastante largo, , , , ",Long,"Quite long, , , ,"
Suiddonbo,Un dólar,,One dollar,#VALUE!
Suidi,Extenso,"Estirado, Muy largo, , , ",Extensive,"Snobby, very long,"
Arganmaddar,Dorso de la mano,,Back of the hand,#VALUE!
Mullusuli,No corto,,no short,#VALUE!
Suir,Perdiz de rastrojo,,Stubble Perdiz,#VALUE!
Suiraggwagiid,Morado,,Purple,#VALUE!
Guddurgwa,Morado,,Purple,#VALUE!
Sule,Conejo pintado,,Painted Rabbit,#VALUE!
Nabbanono,Conejo pintado,,Painted Rabbit,#VALUE!
Suli,No," No desear algo, , , , ",Do not," Not wanting something,,,,"
Yabba,No," No desear algo, , , , ",Do not," Not wanting something,,,,"
Sulu,Mono,"Primate, , , , ",Monkey,"Primate,,,,"
Sulubagibebeniggad,Aguila Harpía,,Harpy eagle,#VALUE!
Argannuggwen,Puñado,"Un puñado, , , , ",Handful,"A bunch, , , ,"
Sulubagi,Aguila,,Eagle,#VALUE!
Sunmagged,Hablar,"Expresar, Idioma, Oración, , ",Talk,"Express, Language, Prayer,"
Sunnasoged,Excelente,"Optimo, , , , ",Excellent,"Optimo,,,,"
Sunnasuli,Malo,"Dañado, Feo, , , ",Bad,"Damaged, Feo,,,"
Issaggwagwa,Malo,"Dañado, Feo, , , ",Bad,"Damaged, Feo,,,"
Sur,Racimo,,Cluster,#VALUE!
Suller,Racimo,,Cluster,#VALUE!
Sullele,Racimo,,Cluster,#VALUE!
Surgan,Brazo,,Arm,#VALUE!
Swida,Brazo,,Arm,#VALUE!
Argar,Costilla,"Interprete del canto de sagla, , , , ",Rib,"Singer of the song of sagla,,,,"
Saggwa,Brazo,,Arm,#VALUE!
Surnono,Cucharón,"Cacillo, Cazo, , , ",Ladle,"Dipper, dipper,,,"
Nogmur,Cucharón,"Cacillo, Cazo, , , ",Ladle,"Dipper, dipper,,,"
Nogsuid,Cucharón,,Ladle,#VALUE!
Sussua,Mariposa,"Polilla, Palomilla, , , ",Butterfly,"Moth, moth,,,"
Sussu,Mariposa,,Butterfly,#VALUE!
Mommor,Mariposa,,Butterfly,#VALUE!
Susu,Hermanito dicho por una mujer,,Brother said by a woman,#VALUE!
Suu,Gorgojo,"Comején, , , , ",Weevil,"Comején,,,,"
Argala,Costilla,"Interprete del canto del sagla, , , , ",Rib,"Singer of the song of the sagla,,,,"
Suugwa,Mareado,aturdido,Dizzy,stunned
Suusuu,Mareado,"Ebrio, , , , ",Dizzy,"Drunk,,,,"
Suurmagged,Derramar ,"Sudar, Derramar sudor, , , ",To spill,"Sweat, sweat Spilling,,,"
Suwar,Palo,,Stick,#VALUE!
Suwarbadde,Vasija de madera,,Wooden vessel,#VALUE!
Baddesuwar,Vasija de de madera,,Wooden vessel,#VALUE!
Suwaribed,Custodio y guardián de la comunidad,,Custodian and guardian of the community,#VALUE!
Swanswan,Resbaloso,,Resbaloso,#VALUE!
Gwaregware,Resbaloso,,Resbaloso,#VALUE!
Masimasi,Resbaloso,,Resbaloso,#VALUE!
Ari,Iguana ,,iguana,#VALUE!
Swara,Instrumento musical hecho de bambú,,musical instrument made of bamboo,#VALUE!
Surgued,Perderse,"Morir, Fallecer, , , ",Be lost,"Die, perish,,,"
Swiddi,Guanábana,,Soursop,#VALUE!
Swilidig,Recto,"Sin defecto, Limpio, , , ",Straight,"Unblemished, Clean,,,"
Swilidiggi,Recto,"Sin defecto, Limpio, , , ",Straight,"Unblemished, Clean,,,"
U,Nido ,"Nido, , , , ",Nest,"Nest,,,,"
Uu,Nido,,Nest,#VALUE!
Ua,Pez,"Pescado, , , , ",Fish,"Fish, , , ,"
Uadug,Oreja,,Ear,#VALUE!
Uaduggu,Oreja,,Ear,#VALUE!
Uagarba,Nasa,,Pot,#VALUE!
Arinii,Febrero,,February,#VALUE!
Uagi,Delfín,,Dolphin,#VALUE!
Uas,Techo,"Paja que cubre la casa, , , , ",The ceiling,"Covering straw house,,,,"
Uasaggan,Aleta de pez,,Fish fin,#VALUE!
See,Aleta,,Fin,#VALUE!
Uaya,Oído,,Ear,#VALUE!
Cuñado,Dicho entre varones,,Said between men,#VALUE!
Uba,Cuñado,,Brother in law,#VALUE!
Ubed,Alero frontal o trasero de la casa,,Alero front or rear of the house,#VALUE!
Ubebe,Alero frontal de la casa,,Alero front of the house,#VALUE!
Ubi,Harina de maíz tostado,,Toasted corn flour,#VALUE!
Abbarmagged,Correr,,Run,#VALUE!
Aroged,Derramarse,,Spill,#VALUE!
Ubimagged,Moler,"Pulverizar, , , , ",Grind,"Grind up, , , ,"
Naged,Moler,,Grind,#VALUE!
Ubiubi,En polvo,"Pulverizado, Molido, , , ",Powdered,"Powdered, Milled,,"
Uboged,Ingresar,"Entrar, , , , ",Enterokay,"Get in, , , ,"
Ubsan,Algodón,,Cotton,#VALUE!
Uda,Dame,Del verbo dar,Give to me,Of the verb give
Udage,Dame,Del verbo dar,Give to me,Of the verb give
udded ,Agujerear," hacer hoyo, , , , ",Pierce," make pit,,,,"
Udged,Perforar,,Punch out,#VALUE!
Arioged,Derrarse,,Derrarse,#VALUE!
Udu,Moho," Hongo, , , , ",Mold," Fungus, , , ,"
Udurun,Tronco viejo y podrido ,,Old and rotten trunk,#VALUE!
Ued,Oler,"Olfatear, Fumar, Calentura, , ",Smell,"Sniff, Smoking, Calentura,"
Uegwa,Tibio,"Cálido, No tan caliente, , , ",Warm,"Warm, not so hot,,,"
Ueued,Tibio,"Cálido, , , , ",Warm,"I warm,,,,"
Ueleged,Enfermarse,,To get sick,#VALUE!
Gegued,Enfermarse ,,To get sick,#VALUE!
Uereged,Ardiente,"Caliente, , , , ",Burning,"Hot, , , ,"
Diobbisulid,Ardiente,"Caliente, , , , ",Burning,"Hot, , , ,"
Diyobbisulid,Ardiente,"Caliente, , , , ",Burning,"Hot, , , ,"
Arsan,Escalera,"Escalinata, , , , ",Stairs,"Escalinata,,,,"
Uegwa,Cálido,"No tan caliente, , , , ",Warm,"Not so hot,,,,"
Uga,Marido,"Esposo, , , , ",Husband,"Husband,,,,"
Sui,Marido,"Esposo, , , , ",Husband,"Husband,,,,"
Ugargwag,Huevo de iguana,,Iguana egg,#VALUE!
Ugarggwagwa,Huevo de iguana,,Iguana egg,#VALUE!
Ugga,Piel,"Cáscara, , , , ",Skin,"Shell,,,,"
Picazón,Sarpullido,,Rash,#VALUE!
Aimagged,Picazón,"Comezón, , , , ",Itch,"Itchiness,,,,"
Uggabbale,Con cáscara,,With Shell,#VALUE!
Uggabela,Con cáscara,,With Shell,#VALUE!
Arwed,Romperse las olas,,Breaking waves,#VALUE!
Uggaelied,Toalla,"Paño, , , , ",Towel,"Cloth, , , ,"
Uggamullu,Grano,"Absceso, , , , ",Grain,"Abscess,,,,"
Uggaswan,Desnudo,,Naked,#VALUE!
Uggaswiri,Desnudo,,Naked,#VALUE!
Ugged,Dar,"Ceder,Entregar, Vender, , , ",Give,"Ceder, Deliver Selling,"
Uggiasgin,Encima,"Sobre, , , , ",Over,"On, , , ,"
Asgine,Encima,"Sobre, , , , ",Over,"On, , , ,"
Birgi,Encima,"Sobre, , , , ",Over,"On, , , ,"
Uggiar,De repente,"Repentino, , , , ",Suddenly,"Suddenness,,,,"
Uggiale,De repente,"Repentino, , , , ",Suddenly,"Suddenness,,,,"
As,Yerno,,Son in law,#VALUE!
Uggiarmaggar,Repentino,,Sudden,#VALUE!
Uggub,Arena,,Sand,#VALUE!
Uggubbiid,Arenoso,,Sandy,#VALUE!
Uggubdug,Pez lenguado,,Sole fish,#VALUE!
Uggubdugu,Pez lenguado,,Sole fish,#VALUE!
Uggubua,Pez lenguado,,Sole fish,#VALUE!
Uggubir,Playa,"Costa, , , , ",Beach,"Costa,,"
Uggubbir,Playa,"Costa, , , , ",Beach,"Costa,,"
Uggubmileged,Huevo de tortuga,,Turtle egg,#VALUE!
Uggubsan,Huevo de tortuga,,Turtle egg,#VALUE!
Sabbin,Yerno,,Son in law,#VALUE!
Uggud,Hambre,"Apetito, , , , ",Hungry,"Appetite,,,,"
Uggugwa,Liviano,"Leve, Bajo de peso, , , ",Lightweight,"Mild, Underweight,,,"
Uggunagbe,Serpiente cascabel,,Rattlesnake,#VALUE!
Uggurwala,Balsa,,Raft,#VALUE!
Uggusuli,Pesado,"Sólido, , , , ",Heavy,"I solid,,,,"
Agdiggi,Pesado,"Sólido, , , , ",Heavy,"I solid,,,,"
Agdiggirba,Pesado,,Heavy,#VALUE!
Ugguuggud,Sed,,Thirst,#VALUE!
Ugguugguiddoged,Estar sediento,,be thirsty,#VALUE!
Ugsi,Armadillo,,Armadillo,#VALUE!
Asabin,De frente,"Frente a frente, , , , ",Head on,"Facing, , , ,"
Ugsir,Murciélago,,Bat,#VALUE!
Ular,Manzanillo,,Manzanillo,#VALUE!
Ulassui,Piragua,,Canoe,#VALUE!
Uluasusuido,Pragua,,Pragua,#VALUE!
Ulasu,Proa,,Bow,#VALUE!
Ulu,Cayuco,,Cayuco,#VALUE!
Ulugwa,Baúl,"Maleta, Cajón, , , ",Trunk,"Suitcase, Drawer,,,"
Ulur,Mono aullador,,howler monkey,#VALUE!
Uma,Mono colorado,Especie de primate ,Red bow,Primate species
Umamagged,Ardor,"Picor, , , , ",Burning,"Itchiness,,,,"
Asabbin,De frente,,Head on,#VALUE!
Aurmagged,Ardor,"Picor, , , , ",Burning,"Itchiness,,,,"
Unaed,Aconsejar,"Orientar, , , , ",Advise,"Guide, , , ,"
Undar,Exagerado,"Desmedido, , , , ",Exaggerated,"I unconscionable,,,,"
Obbor,Exagerado,"En extremo, , , , ",Exaggerated,"In extreme, , , ,"
Obbole,Exagerado,,Exaggerated,#VALUE!
Abbole,Exagerado,,Exaggerated,#VALUE!
Abbole,Exagerado,,Exaggerated,#VALUE!
Beedse,Exagerado,,Exaggerated,#VALUE!
Unged,Arrancar,"Sacar, Quitar, , , ",Tear,"Remove, Removing,,,"
Ungued,Calambre,,Muscle cramp,#VALUE!
Asayaa,Fosa nasal,,Nostril,#VALUE!
Unid,Cuadrúpedo,"De cuatro patas, , , , ",Quadruped,"Four legged,,"
Unimagged,Gatear,"Arrastrarse, , , , ",Crawl,"Grovel,,,,"
Unni,Basta,"Suficiente, , , , ",Enough,"Enough, , , ,"
Unnidba,Bastante,"Mucho, Suficiente, , , ",Quite,"Far enough,,,"
Unniddiba,Suficiente,,Enough,#VALUE!
Yaibaa,Bastante,,Quite,#VALUE!
Unnila,Solo,"Unico, Casi no, , , ",Alone,"Unico, not almost,,,"
Unnilagwa,Casi no,"Solo, , , , ",Casino,"Single, , , ,"
Unniladuggu,Casi,"Por poco, , , , ",Almost,"Narrowly, , , ,"
Unsaed,Medir,"Calcular, , , , ",To size,"Calculate,,,,"
Asban,Sabandija,,Vermin,#VALUE!
Unus,Variedad de sardina,,Variety of sardines,#VALUE!
Urba,Debajo de," Hermano menor, , , , ",Under," Younger brother, , , ,"
Ulubali,Debajo,"Con el cayuco, , , , ",Below,"With the dugout,,,,"
Urbed,Colocar,"Poner, , , , ",Place,"Put on, , , ,"
Urbode,Bote salvavida,,boat liferaft,#VALUE!
Urdub,Soga,"Cuerda, , , , ",Rope,"Rope, , , ,"
Urduba,Soga,"Cuerda, , , , ",Rope,"Rope, , , ,"
Uluduba,Soga,"Cuerda, , , , ",Rope,"Rope, , , ,"
Urgasi,Quilla,,Keel,#VALUE!
Urgo,Madera,,Wood,#VALUE!
Abarmagged,echar a correr,,start to run,#VALUE!
Asdo,Anteayer,"Hace dos días, , , , ",The day before yesterday,"Two days ago, , , ,"
Urmor,Vela,,Candle,#VALUE!
Ulumola,Vela,,Candle,#VALUE!
Ursir,Bravucón,,bouncer,#VALUE!
Ursili,Bravucón,"Colérico, Reñidor, , , ",bouncer,"Choleric, Reñidor,,,"
Ursor,Popa,,Stern,#VALUE!
Ursola,Popa,,Stern,#VALUE!
Uluwala,Árbol de cedro,,Cedar tree,#VALUE!
Uluwala,Arbol de cedro,,Cedar tree,#VALUE!
Urgwed,Combatir,"Guerrear, , , , ",Fight,"War,,,,"
Bilaonoged,Combatir,"Guerrear, , , , ",Fight,"War,,,,"
Asdubin,Mapache,,Raccoon,#VALUE!
Urwed,Combatir,,Fight,#VALUE!
Us,Ñeque,"Conejo, , , , ",Black agouti,"Rabbit,,,,"
Usu,Ñeque,"Conejo, , , , ",Black agouti,"Rabbit,,,,"
Usgwagwa,Breve,"Corto, , , , ",Brief,"Short,,,,"
Mussigwa,Breve,"Corto, , , , ",Brief,"Short,,,,"
Sorgwagwa,Corto,,Short,#VALUE!
Meddoggwagwa,Corto,,Short,#VALUE!
Meddogwa,Corto,,Short,#VALUE!
Usgwin,Ardilla,,Chipmunk,#VALUE!
Usgwini,Ardilla,,Chipmunk,#VALUE!
Asgin,Encima,"Sobre, , , , ",Over,"On, , , ,"
Gwin,Ardilla,,Chipmunk,#VALUE!
Usuyae,Danza del ñeque,,Dance of the agouti,#VALUE!
Uugassi,Hamaca,,Hammock,#VALUE!
Gassi,Hamaca,,Hammock,#VALUE!
Waa,Humo,"Fumada, , , , ",Smoke,"Fumada,,,,"
Waagammu,Chimenea,,Fireplace,#VALUE!
Waar,Breva,"Tabaco, , , , ",Fig,"Snuff,,,,"
Waawaad,Peludo,"Velludo, Asolearse, , , ",Furry,"Hairy, Sunning,,,"
Wabun,Hilastra,,Hilastra,#VALUE!
Wadsi,Reloj,,Watch,#VALUE!
Asgine,Encima,"Sobre, , , , ",Over,"On, , , ,"
Waed,Sahumarse,"Medicarse, Asolearse, , , ",Sahumarse,"Medicate, Sunning,,,"
Waga,Extranjero,"Ladino, No guna,  No indígena, , ",Foreign,"Ladino, guna No, not indigenous,"
Wagab,En presencia de," Delante de, , , , ",In the presence of," In front of, , , ,"
Wagar,Cara,"Rostro, Semblante, , , ",Face,"Face, Visage,,,"
Wagala,Cara,"Rostro, , , , ",Face,"Face,,,,"
Wagargaed,Retratar,"Fotografiar, , , , ",To portray,"To photograph, , , ,"
Burbagaed,Retratar,"Fotografiar, , , , ",To portray,"To photograph, , , ,"
Wagarwilubgaed,Retratar,"Fotografiar, , , , ",To portray,"To photograph, , , ,"
Wagarsan,Mejilla,,Cheek,#VALUE!
Wagarsana,Mejilla,,Cheek,#VALUE!
Birgi,Encima,"Sobre, , , , ",Over,"On, , , ,"
Wagarued,Besar,,Kiss,#VALUE!
Wagarwilub,Fotografia,"Foto, , , , ",Photography,"Photo, , , ,"
Wagbinnu,Marañon,,Cashew,#VALUE!
Wagdar,Temprano,,Early,#VALUE!
Wagdara,Temprano,,Early,#VALUE!
Waggudaea,Temprano,,Early,#VALUE!
Wagdub,Hilo de coser,,Sewing thread,#VALUE!
Wagaduba,Hilo de coser,,Sewing thread,#VALUE!
Waggaga,Idioma extranjero,,Foreign language,#VALUE!
Waggaya,Idioma extranjero,,Foreign language,#VALUE!
Birgine,Encima,"Sobre, , , , ",Over,"On, , , ,"
Waggagga,Idioma extranjero,,Foreign language,#VALUE!
Waggindiid,Prófugo,"Fugitivo, , , , ",Fugitive,"Fugitive,,,,"
Wagginned,Escaparse,"Huir, Fugarse, , , ",Escape,"Flee, escape,,,"
Waggudaryala,Muy temprano,,Very early,#VALUE!
Wagi,Lora de cabeza azul,,Lora blue head,#VALUE!
Wagibler,Nele de la historia,"Especialista de aves, , , , ",Nele history,"Specialist poultry,,,,"
Wagibelele,Nele de la historia,"Especialista de aves, , , , ",Nele history,"Specialist poultry,,,,"
Wagmadun,Banano,,Banana,#VALUE!
Wagneg,Ciudad,"Comunidad de extranjero, , , , ",City,"Community abroad,,,,"
Waganega,Ciudad,"Comunidad de extranjeros, , , , ",City,"Foreign community,,,,"
Asgun,Boca abajo,,prone,#VALUE!
Wago,Primera criatura  en la tierra," Padre de arboles, , , , ",First creature on earth," Father of trees,,"
Wagub,Ñame,,Yam,#VALUE!
Wagwa,Nieto,,grandchild,#VALUE!
Waladiggi,Mojado,"Empapado, , , , ",Wet,"Soggy, , , ,"
Waragwa,Mojado,,Wet,#VALUE!
Walar,Alargado,"Largo, , , , ",Elongate,"Long, , , ,"
Walale,Alargado,"Largo, , , , ",Elongate,"Long, , , ,"
Walig,Cerca,"Junto a, Cerquita, , , ",Close,"Beside, Cerquita,,,"
Waliggagwa,Cerca,"Cerquita, , , , ",Close,"Cerquita,,,,"
Nagaba,Cerca,"Junto a, Pegado a, , , ",Close,"Alongside, Stuck on,,,"
Asmied,Estornudar,,Sneeze,#VALUE!
Iddigigwa,Cerquita,,cerquita,#VALUE!
Waliggued,Arrimarse,,come close,#VALUE!
Moed,Arrimarse,,come close,#VALUE!
Wan,Pene,,Penis,#VALUE!
Wana,Pene,,Penis,#VALUE!
Alu,Pene,,Penis,#VALUE!
Bane,Pene,,Penis,#VALUE!
Wannug,Variedad de palma para techo de la casa,,Variety of palm for house roof,#VALUE!
Waraggwa,Delgado,"Estrecho, , , , ",Thin,"Narrow, , , ,"
Waraggwagwa,Delgado,"Estrecho, , , , ",Thin,"Narrow, , , ,"
Ismied,Estornudar,,Sneeze,#VALUE!
Waragwa,Mojado,,Wet,#VALUE!
Waladiggi,Mojado,,Wet,#VALUE!
Wardad,Gordo,"Obeso, , , , ",Fat,"Obeso,,,,"
Waladada,Gordo,,Fat,#VALUE!
Wardummad,Gordo,,Fat,#VALUE!
Wardiggued,Mojarse,,Get wet,#VALUE!
Adsiggied,Mojarse,,Get wet,#VALUE!
Wargwen,Uno,"Objeto alargado, , , , ",One,"Elongate object,,"
Walagwena,Uno,,One,#VALUE!
Wari,Ñampí,,Purple yam,#VALUE!
Asmu,Variedad de abejas,,Variety of bees,#VALUE!
Warmagged,Llegar,"Alcanzar, Lograr, , , ",Get,"Achieve, achieve,,,"
Wasa,Bebé,"Nene, , , , ",Baby,"Nene,,,,"
Goe,Bebé,"Venado, , , , ",Baby,"Deer,,,,"
Wawadiggi,Perfumado,"Oloroso, , , , ",Perfumed,"Scented,,,,"
Wawagwa,Perfumado,"Oloroso, , , , ",Perfumed,"Scented,,,,"
Wawanmagged,Temblar,"Tiritar, , , , ",Tremble,"Shivering,,,,"
We,Este,"Esta, Ese, , , ",East,"This, That,,,"
Wedi,Este,"Esta, Ese, , , ",East,"This, That,,,"
Iddi,Este,"Esta, Ese, , , ",East,"This, That,,,"
Weba,Allá,"Lejos, Distante, , , ",There,"Far Distant,"
Webali,Por allá,,Over there,#VALUE!
Abbinnii,Septiembre,,September,#VALUE!
Adsa,Variedad de abejas,,Variety of bees,#VALUE!
Wedar,Saíno,"Puerco de monte, , , , ",Peccary,"Peccary,,,,"
Weed,Recoger,"Acopiar, , , , ",Collect,"Collect,,,,"
Bised,Recoger,,Collect,#VALUE!
Weggo,Halcón,,Hawk,#VALUE!
WegiAquí,Acá,,Here,#VALUE!
Wegine,Aquí,"Acá, , , , ",Here,"Here,,"
Wegii,Así,,So,#VALUE!
Weyob,Así,"De esta manera, , , , ",So,"In this way, , , ,"
Weligwar,Feliz,"Radiante, , , , ",Happy,"Heating,,,,"
Weligwale,Feliz,,Happy,#VALUE!
Assaed,Dar señas,"Molestar, , , , ",show signs,"Bother, , , ,"
Wergued,Disfrutar,"Gozar, Alegrarse, , , ",Enjoy,"Enjoy, rejoice,,,"
Werug,Guágara,,guagara,#VALUE!
Werwer,Tucán,,Toucan,#VALUE!
Wesar,Cuchara,"Cucharón, , , , ",Spoon,"Ladle,,,,"
Wese,Fin,"Hasta aquí, , , , ",The end,"Up to this point, , , ,"
Bela,Fin,"Hasta aquí, , , , ",The end,"Up to this point, , , ,"
Wesig,Hacia allá,,Over there,#VALUE!
Egesig,Hacia allá,,Over there,#VALUE!
Iddisig,Hacia allá,,Over there,#VALUE!
Wewe,Grillo pequeño de la arena,,Small sand cricket,#VALUE!
Assirmagged,Rasgarse algún tejido,,A tissue tear,#VALUE!
Weyob,Así,"De esta manera, , , , ",So,"In this way, , , ,"
Wegii,Así," De esta manera, , , , ",So," In this way, , , ,"
Wiagged,Escupir,,Spit,#VALUE!
Wiaged,Escupir,,Spit,#VALUE!
Widsub,Hicaco,,Hicaco,#VALUE!
Wied,Pereza,,Sloth,#VALUE!
Wiegala,Perezoso,"Vago, , , , ",Lazy,"Vague, , , ,"
Wigoed,Silbar,,Whistle,#VALUE!
Wii,Saliva,"Baba, , , , ",Saliva,"Baba,,,,"
Galis,Saliva,,Saliva,#VALUE!
Assu,Jaguar,"Perro, , , , ",Jaguar,"Dog, , , ,"
Gaglis,Saliva,,Saliva,#VALUE!
Wila,Hondo del mar o de río,,Deep part of the sea or river,#VALUE!
Wilasagla,Aguas muy profundas,,Deep waters,#VALUE!
Wiledagged,Compadecer ,Tener lastima hacia otra persona ,Sympathize,Have pity for someone else
Wileged,Sufrir,"Empobrecido, Falto de, , , ",Suffer,"Impoverished, lacking,,,"
Wileiddoged,Tristeza,"Pesadumbre, , , , ",Sadness,"Grief,,"
Buggibbinsaed,Tristeza,,Sadness,#VALUE!
Wilub,Señal,"Símbolo, , , , ",Signal,"I symbol,,,,"
Wilubira,Igual,"Justo, , , , ",Same,"Fair, , , ,"
Wilubbiragwa,Igual,"Justo, , , , ",Same,"Fair, , , ,"
Assunned,Abrise la flor,"brotar, , , , ",Abrise flower,"to sprout, , , ,"
Wilubdagged,Experimentar,"Probar, , , , ",To experience,"Try out, , , ,"
Wilubgan,Simbolismo,,Symbolism,#VALUE!
Burbagan,Simbolismo,,Symbolism,#VALUE!
Wilubsaed,Probar,"Medir, , , , ",Try,"To size, , , ,"
Wilubimagged,Probar,"Medir, , , , ",Try,"To size, , , ,"
Wimagged,Sudar,"Transpirar, , , , ",Sweat,"Perspire,,,,"
Wini,Abalorio,"Collar, Chaquira, , , ",Bead,"Necklace, beads,,,"
Wingwa,Abalorio,,Bead,#VALUE!
Winnaed,Orinar,,To pee,#VALUE!
Magasdagged,Orinar,,To pee,#VALUE!
Asu,Nariz,,Nose,#VALUE!
Winni,Orina,"Oríne, , , , ",Urine,"Urinate,,,,"
Winonied,Deseñador abalorios para dorno,,Deseñador beads for dorno,#VALUE!
Wirgued,Medida de profundidad de liquido,,Liquid depth measurement,#VALUE!
Wirsob,Golondrina,,Swallow,#VALUE!
Gigsiggwi,Golondrina,,Swallow,#VALUE!
Wirwir,Batidora,,Mixer,#VALUE!
Wisde,No sé," Quien sabe, , , , ",I dont know," Who knows, , , ,"
Wissurmo,No sé,,I dont know,#VALUE!
Wissuli,No sé,,I dont know,#VALUE!
Wisgued,Saber,"Conocer, Estar al tanto, , , ",To know,"Knowing, Being the therefore,"
Asudug,Punta de la nariz,"Delantera,  el que va primero, , , ",Tip of the nose,"Front, who goes first,"
Yaa,Puerta,"Portón, , , , ",Door,"Gate,,"
Yawagag,Puerta,"Portón, , , , ",Door,"Gate,,"
Yawag,Puerta,,Door,#VALUE!
Yaagwa,Señorita,"Joven, Soltera, , , ",Miss,"Young, Single,,,"
Yaaleged,Paso a la pubertad,,Step puberty,#VALUE!
Sergued,Paso a pubertad,,Step by puberty,#VALUE!
Yaba,Dentro,"Adentro, , , , ",Inside,"Indoors, , , ,"
Yaaba,Dentro,"Adentro, , , , ",Inside,"Indoors, , , ,"
Yabba,No,"No desear algo, , , , ",Do not,"Not wanting something,,,,"
Suli,No,,Do not,#VALUE!
Asuduggu,Punta de la nariz,"Delantera, El que va primero, , , ",Tip of the nose,"Front, who goes first,"
Yabbanned,Olor,,Odor,#VALUE!
Abbanned,Olor,,Odor,#VALUE!
Yabi,Llave,,Key,#VALUE!
Yabised,Llavero,,Key chain,#VALUE!
Yagganna,Bastante grande,,Pretty big,#VALUE!
Yaibaa,Bastante grande,,Pretty big,#VALUE!
Yagged,Gotear,,Drip,#VALUE!
Deemagged,Gotear,,Drip,#VALUE!
Yaggumagged,Cabecear,,Head,#VALUE!
Yagguyaggud,Cojo,"Dar brincos, , , , ",Lame,"Skipping,,,,"
Aswe,Aguacate,,Avocado,#VALUE!
Muyamuyad,Cojo,,Lame,#VALUE!
Yaigwa,De tamaño menor,"No tan pequeño, , , , ",Smaller size,"Not so small,,,,"
Yaisaale,No tan pequeño,,Not so small,#VALUE!
Senigwa,De tamaño menor,,Smaller size,#VALUE!
Yassuli,Cuantioso,"Abundante, , , , ",Large,"Abundant, , , ,"
Buggidara,Abundante,,Abundant,#VALUE!
Nagege,Cuantioso,"Abundante, , , , ",Large,"Abundant, , , ,"
Yala,Montaña,"Territorio, , , , ",Montana,"Territory, , , ,"
Yaladela,Pez cola amarillo,Pez cola amarilla ,Yellowtail fish,Yellowtail fish
Bunnugoro,Pez pargo sesí,,Red snapper fish,#VALUE!
Aurmagged,Ardor,quemazon ,Burning,and sunburn
Yallile,Sordo,"No sigue órdenes, , , , ",Deaf,"Not following orders,,"
Yamodaed,Aparentar,"Simular, Fingir, , , ",feign,"Simulate, Pretending,"
Yannu,Jabalí,,Wild pig,#VALUE!
Yanwan,Taladro,"Broca, , , , ",Drill,"Drill, , , ,"
Yarba,Al lado,"Inmediatamente después, , , , ",Next to,"Immediately after, , , ,"
Yalaba,Al lado,,Next to,#VALUE!
Yarbi,Anguila,,Eel,#VALUE!
Yarbir,Cima,"Cumbre, , , , ",Top,"Summit, , , ,"
Yalabiri,Cima,"Cumbre, , , , ",Top,"Summit, , , ,"
Yalabilli,Cima,"Cumbre, , , , ",Top,"Summit, , , ,"
Abbured,Enredarse,,Tangle,#VALUE!
Aya,Amigo,"Compañero, Conocido, Aliado, , ",Friend,"Companion, known, Allied,"
Yarduddur,Cima,"Cumbre, , , , ",Top,"Summit, , , ,"
Yarburwa,Viento del sur,,South wind,#VALUE!
Yalaburwa,Viento del sur,,South wind,#VALUE!
Yardagged,Competir,"Disputar, , , , ",To compete,"Play,,"
Yargan,Espalda,"Dorso, , , , ",Back,"Dorso,,,,"
Yarmoro,Tortuga de monte,,Turtle Mount,#VALUE!
Morogoi,Tortuga de monte,,Turtle Mount,#VALUE!
Yarolo,Cerro,"Montaña de poca altura, , , , ",Hill,"Low-rise mountain,,"
Yalaolo,Cerro,,Hill,#VALUE!
Yaug,Tortuga,"Carey, , , , ",Tortoise,"Carey,,,,"
Ai,Amigo,"Compañero, Conocido, Aliado, , ",Friend,"Companion, known, Allied,"
Yaugnii,Mayo,,May,#VALUE!
Yeer,Bueno,"Bonito, , , , ",Good,"Beautiful, , , ,"
Yeerba,Bueno,"Bonito, , , , ",Good,"Beautiful, , , ,"
Yegued,Cansarse,"Fatigarse, , , , ",Get tired,"Fatiguing,,,,"
Geggued,Cansarse,,Get tired,#VALUE!
Yobbiragwad,Equitativo,,Equitable,#VALUE!
Yobbo,Inflamación de ganglios,,Swollen glands,#VALUE!
Yobi,Igual,"Como, , , , ",Same,"How, , , ,"
Emala,Igual,,Same,#VALUE!
Nayobi,Igual,,Same,#VALUE!
Ayagwale,Amistad,"Amistoso, , , , ",Friendship,"Friendly, , , ,"
Yobiyobi,De igual cantidad,,Same amount,#VALUE!
Yoed,Meter,"Conectar, Poner, Asar, , ",To put,"Connecting up, Asar,"
Yoggor,Rodilla,,Knee,#VALUE!
Yogsaar,De cualquier manera,,Either way,#VALUE!
Yogasaale,De cualquier manera,,Either way,#VALUE!
Yola,Verano,"Sin lluvia, , , , ",Summer,"Without rain, , , ,"
Yolasagla,Día claro,"Sin lluvia, , , , ",Clear Day,"Without rain, , , ,"
Yoleba,Veranillo,,veranillo,#VALUE!
Yoleged,Tropezarse,"Encallar, , , , ",Tripping,"Aground,,,,"
Yolle,Ladeado,"Inclinado, , , , ",Lopsided,"Inclined,,"
Aigwalw,Amistad,"Amistoso, , , , ",Friendship,"Friendly, , , ,"
Yoreged,Ladeado,"Inclinado, , , , ",Lopsided,"Inclined,,"
Yollemagged,Ladearse,,Tilt,#VALUE!
Yollemaggerba,Que se ladea mucho,,That tilts a lot,#VALUE!
Yolleyolle,Que se ladea mucho,,That tilts a lot,#VALUE!
Yoo,Todavía no,,Not yet,#VALUE!
Yoogwe,Todavía,"Aún no, , , , ",Still,"Not yet, , , ,"
Anbayoo,Todavía no,,Not yet,#VALUE!
Yoddedaed,Indecoroso,"Impúdico, , , , ",Improper,"Impudent,,,,"
Yoreged,Ladeado,"Inclinado, , , , ",Lopsided,"Inclined,,"
Yolle,Ladeado,"Inclinado, , , , ",Lopsided,"Inclined,,"
Ayaleged,Amistarse,,befriend,#VALUE!
Yorgued,Dejar de llover,"Escampar, , , , ",Stop raining,"Escampar,,,,"
Yornii,Enero,,January,#VALUE!
Yolanii,Enero,,January,#VALUE!
Yoruggu,Mediodía,,Noon,#VALUE!
Dadyoruggu,Mediodía,,Noon,#VALUE!
Balibi,Igual,,Same,#VALUE!
Bengile,A credito,,On credit,#VALUE!
Binasdiggi,Poco a poco,,Little by little,#VALUE!
Binsar,Gratis,,Free,#VALUE!
Esuwar,Punzón,,Awl,#VALUE!
Aileged,Amistarse,,befriend,#VALUE!
Argar,Interprete,,Interpreter,#VALUE!
Baba,Gran Padre,"Ser supremo, , , , ",great Father,"Supreme Being,,,,"
Biired,Torcido,,Distorted,#VALUE!
Diirmagged,Corriente fluvial,,current river,#VALUE!
Eswar,Chuzo,,chuzo,#VALUE!
Negburgandagged,Soñar,,Sound,#VALUE!
Uboged,Ingresar,,Enter,#VALUE!
Aye,Sí,"De acuerdo, , , , ",Yes,"In agreement, , , ,"
Eye,Sí,"De acuerdo, , , , ",Yes,"In agreement, , , ,"
Baa,Tres,,Three,#VALUE!
Baabag,Ocho,"Octavo, , , , ",Eight,"Eighth,,,,"
Abured,Confundirse,,Get confused,#VALUE!
baabagga,Ocho,"Ocatvo, , , , ",Eight,"I ocatvo,,,,"
Bab,Papà,"Padre, Progenitor, , , ",Father,"Father, father,,,"
Baba,Papà,"Padre, Progenitor, , , ",Father,"Father, father,,,"
Babdummad,Gran Padre,Ser Supremo . Dios ,great Father,Supreme Being. God
Babbarmagged,Rodar,"Girar, Ser arrastrado, , , ",Roll,"Turn, being dragged,,,"
Babbibabbi,Arrugado,"Ajado, , , , ",Wrinkled,"I rumpled,,,,"
Babdummad,Gran Padre,"Ser supremo, , , , ",great Father,"Supreme Being,,,,"
Sergan,Antepasados,,Ancestors,#VALUE!
Dadgan,Antepasados,,Ancestors,#VALUE!
Babigar,Camino de Baba,"Tratado de Baba y Nana, , , , ",Road Baba,"Treaty Baba and Nana,,,,"
Abdagged,Esperar,,Wait,#VALUE!
Babigala,Camino de Baba y Nana," Tratado de Baba y Nana, , , , ",Road Baba and Nana," Treaty Baba and Nana,,,,"
Babneg,Morada de Baba y Nana,,Baba and Nana Residence,#VALUE!
Babnega,Morada de Baba y Nana,,Baba and Nana Residence,#VALUE!
Babome,Madrastra,,Stepmother,#VALUE!
Babser,Abuelo,,Grandfather,#VALUE!
Babsered,Abuelo,,Grandfather,#VALUE!
Badde,Plato,"Bandeja, Platillo, , , ",Plate,"Tray, Saucer,"
Badded,Caerse,"Bajar, , , , ",Fall down,"Go down, , , ,"
Baddesuwar,Vasija de madera para amasar,,Wooden bowl to knead,#VALUE!
Baddiggwa,Tortuga de agua dulce,"Jocotea, , , , ",Terrapin,"Jocotea,,,,"
Abiddoged,Aguardar,,Wait,#VALUE!
Badir,Sacerdote,"Cura, , , , ",Priest,"Cure, , , ,"
Badu,Pato,,Duck,#VALUE!
Baged,Abstenerse,,to refrain,#VALUE!
Bagga,Ballena,,Whale,#VALUE!
Baggar,Exresiòn franca,"Directa, De frente, Comprado, , , ",Exresiòn franca,"Direct, front, Purchased,"
Baggale,Expresiòn franca,"Directa, De frente, Comprado, , ",frank expression,"Direct, front, Bought,"
Bagged,Comprar,"Adquirir, , , , ",To buy,"Acquire,,,,"
Baglawar,Guayacàn,,Guayacan,#VALUE!
Bugasui,Hermano de Ibeler,"Venus, Lucero, , , ",Ibeler's brother,"Venus, Bright star,,,"
Baglawala,Guayacàn,,Guayacan,#VALUE!
Baid,Otro,"Ademàs, , , , ",Other,"Also, , , ,"
Aaga,Por eso,,Therefore,#VALUE!
Edarbed,Ir al encuentro,,Go to the meeting,#VALUE!
Baidi,"Otro,Además",,"Another, also",#VALUE!
Baisuli,No importa,"No vale la pena, , , , ",Never mind,"Not worth it, , , ,"
Bala,Nuera,,Daughter in law,#VALUE!
Baled,Introducir liquido en recipiente,,Introducing liquid into the container,#VALUE!
Baleginned,Perseguir,"Ir detrás de, , , , ",Chase,"Go behind,,"
Balibali,Frecuentemente,"Siempre, Repetidas veces, , , ",Frequently,"Always, again and again,,,"
Balibalidi,Frecuentemente,"Siempre, , , , ",Frequently,"Always, , , ,"
Emarbi,Igual,"Lo mismo, Uniforme, , , ",Same,"The same, Uniform,,,"
Baliwiddur,Espìritu guia,"Custodio, Guardian, Protector, , ",Spirit guides,"Guardian, Guardian, Protector,"
Baliwiddule,Espìritu guia,"Custodia, Guardian, Protector, , ",Spirit guides,"Custody, Guardian, Protector,"
Abe,Sangre,,Blood,#VALUE!
Balu,Sal,,Salt,#VALUE!
Balubalu,Con poca sal,"Saladito, , , , ",Low salt,"Saladito,,,,"
Balurba,Salado,"Pasado de sal,  Salobre, , , ",Salty,"Salt past, Salobre,,,"
Balusagla,Salado,"Pasado de sal, Salobre, , , ",Salty,"Salt past, Salobre,,,"
Baluwar,Arbol de sal,"Simbología de opresiòn, , , , ",Sal tree,"Symbols of oppression,,"
Baluwala,Arbol de sal,"Simbologìa de opresiòn, , , , ",Sal tree,"Symbology of Oppression,,"
Igubwar,Arbol de sal,,Sal tree,#VALUE!
Igubwala,Arbol de sal,,Sal tree,#VALUE!
Banamagged,Tambalearse,"Balancearse, , , , ",Wobble,"Rocking,,,,"
Banbaa,Lejos,"Distante, Alejado, , , ",Far,"Distant, remote,,,"
Ablis,Sangre,,Blood,#VALUE!
Banbagwa,Lejos,"Distante, Alejado, , , ",Far,"Distant, remote,,,"
Bannabaa,Lejos,"Distante, Alejado, , , ",Far,"Distant, remote,,,"
Bander,Bandera,"Estandarte, , , , ",Flag,"Banner,,,,"
Suenamor,Bandera,"Estandarte, , , , ",Flag,"Banner,,,,"
Suenamola,Bandera,"Estandarte, , , , ",Flag,"Banner,,,,"
Bane,Pene,"Miembro viril, , , , ",Penis,"Virile member,,,,"
Alu,Pene,"Miembro viril, , , , ",Penis,"Virile member,,,,"
Wana,Pene,"Miembro viril, , , , ",Penis,"Virile member,,,,"
Bane,Mañana,"Otro dìa, , , , ",Morning,"Another day, , , ,"
Baneswida,Tijereta,,Earwig,#VALUE!
Abedub,Vena,,Come to,#VALUE!
Banebane,Adiario,"Diariamente, , , , ",Daily,"Daily, , , ,"
Baneswida,Tijereta,,Earwig,#VALUE!
Bangi,Al otro día,"Al dia siguiente, , , , ",The next day,"The next day, , , ,"
Banegine,Al otro dìa,"Al dia siguiente, , , , ",The next day,"The next day, , , ,"
Banmalo,Hasta mañana,,See you tomorrow,#VALUE!
Banemalo,Hasta mañana,,See you tomorrow,#VALUE!
Banna,A què distancia," Por dónde, , , , ",How far," Where, , , ,"
Bulebanna,A què distancia," Por donde, , , , ",How far," Where, , , ,"
Bansus,Colibrì,"Chupamiel, , , , ",Colibrì,"Chupamiel,,,,"
Barbuloged,Agravar,"Empeorar, Desmejorar, , , ",Aggravate,"Worse, desmejorar,,,"
Abeduba,Arteria,,Artery,#VALUE!
Burgued,Agravar,"Empeorar, Desmejorar, , , ",Aggravate,"Worse, desmejorar,,,"
Bardagged,Acompañar,"Guiar, Acompañante, , , ",Accompany,"Guide, companion,"
Bardani,Al regreso,"A la vuelta, , , , ",A return,"On the way back,,,,"
Bardudnii,Diciembre,,December,#VALUE!
Balududdunii,Diciembre,,December,#VALUE!
Bargaed,Alcanzar,"Controlar, Sostener, Aguantar, , ",Reach,"Control, Hold, Holding,"
Bargo,Burgado,Caracol ,burgado,Snail
Bargonus,Burgado,Caracol ,burgado,Snail
Bargonusu,Burgado,Caracol ,burgado,Snail
Barmayed,Empujar,"Apoyar, Palo superior de una vela, , , ",Push,"Support, superior stick a candle,"
Ablisdudub,Arteria,,Artery,#VALUE!
Barmied,Enviar,"Mandar, Remitir, , , ",Send,"Mandar, Remit,"
Barsoged,Atestiguar,"Interpretar, , , , ",Witness,"Interpret, , , ,"
Barwisoged,Imitar,"Remedar, , , , ",Imitate,"Shadowing,,,,"
Baryawar,Arbol de pino,,Pine tree,#VALUE!
Baryawala,Arbol de pino,,Pine tree,#VALUE!
Basgwa,Camaròn,,Shrimp,#VALUE!
Busgu,Camarón,,Shrimp,#VALUE!
Basumagged,Hamaquearse,"Mecerse, Balancearse, Columpiarse, , ",Hamaquearse,"Rocking, Rocking, Swinging,"
Basur,No importa,"No se preocupe, , , , ",Never mind,"Do not worry, , , ,"
Basuli,No importa,"No se preocupe, , , , ",Never mind,"Do not worry, , , ,"
Ablisduba,Arteria,,Artery,#VALUE!
Basursunna,Facilìsimo,"Muy fàcil, , , , ",Easy peasy,"Very easy, , , ,"
Basursunnagwa,Facilìsimo,"Muy fàcil, , , , ",Easy peasy,"Very easy, , , ,"
Be,"Tù, tu",,"You, your",#VALUE!
Bebe,Frente,"Cuerno, , , , ",Front,"Horn,,,,"
Bebesiga,Ceja,,Eyebrow,#VALUE!
Bebi,Tù solo,,You alone,#VALUE!
beed,permanecerse,"Quedarse atràs, , , , ",permanecerse,"Stay behind, , , ,"
Beedse,Exagerado,"Desmedido, grave, , , ",Exaggerated,"Unconscionable, serious,"
Undar,Exagerado,"Desmedido, grave, , , ",Exaggerated,"Unconscionable, serious,"
Obbor,Exagerado,"Desmedido, grave, , , ",Exaggerated,"Unconscionable, serious,"
Abeged,Querer,,Want,#VALUE!
Obbole,Exagerado,"Desmedido, grave, , , ",Exaggerated,"Unconscionable, serious,"
Abbole,Exagerado,"Desmedido, grave, , , ",Exaggerated,"Unconscionable, serious,"
Abbole,Exagerado,"Desmedido, grave, , , ",Exaggerated,"Unconscionable, serious,"
Bela,Fin,"Hasta aquì, , , , ",The end,"Up to this point, , , ,"
Wese,Fin,"Hasta aquì, , , , ",The end,"Up to this point, , , ,"
Belawabba,Sin dejar nada,"Todo, , , , ",Leaving nothing,"Everything, , , ,"
Belagwable,Sin dejar nada,"Todo, , , , ",Leaving nothing,"Everything, , , ,"
Bendagged,Ayudar,"Socorrer, Apoyar, Solidarse, , ",Help,"Succor, support, Solidarse,"
Bengir,A crèdito,,On credit,#VALUE!
Abga,Hacer a tiempo,,Make time,#VALUE!
Bengued,Desconfiar,"No creer,  No poder con el peso, , , ",distrusting,"Not believe, not power with weight,"
Bennuged,Pagar,,Pay,#VALUE!
Naboged,A crèdito,,On credit,#VALUE!
Bensuleged,Ser traicionado por su pareja,,Being betrayed by your partner,#VALUE!
Berbeged,Llevar,"Transportar, acarrear, , , ",Carry,"Transport, trucking,,,"
Bia,Dònde Por dònde,,Where Everywhere,#VALUE!
Biali,Donde,,Where,#VALUE!
Biali,Dònde,"Por dónde, , , , ",Where,"Where, , , ,"
Biali,Dònde,"Por dónde, , , , ",Where,"Where, , , ,"
Bibbigwa,Pequeño,"Diminuto, Menudo, , , ",Small,"Tiny, Menudo,,,"
Bibbinmagged,Revolcarse,,wallow,#VALUE!
Bindumagged,Revolcarse,,wallow,#VALUE!
Abbayala,Enseguida,,Right away,#VALUE!
Bibbirmagged,Dar vueltas,"Girar, , , , ",Spin around,"Turn, , , ,"
Bibyoged,Azotar,"Zurrar, , , , ",Spank,"Pummel,,,,"
Bied,Decir,"Pronunciar, Proferir, Hablar, , ",Tell,"Pronounce, Uttering, Talking,"
Soged,Decir,"Pronunciar, Mencionar, Proferir, Hablar, ",Tell,"Pronounce, Mentioning, Uttering, Talking,"
Bigbaa,Varios,"Muchos, No pocos, , , ",Various,"Many, not few,"
Issesuli,Muchos,,Many,#VALUE!
Issesuli,Varios,"Muchos, No pocos, , , ",Various,"Many, not few,"
Issesur,Varios,"Muchos, No pocos, , , ",Various,"Many, not few,"
Issesuli,Varios,"Muchos, No pocos, , , ",Various,"Many, not few,"
Bigbi,Abanico,"Ventilador, , , , ",Hand fan,"Fan, , , ,"
Bignimagged,Darse vueltas,,roll over,#VALUE!
Aagala,Para él,,For him,#VALUE!
Abgan,Cuerpo,,Body,#VALUE!
Bigwa,Cuàntos,,How many,#VALUE!
Melu,Cuàntos,,How many,#VALUE!
Biired,Torcido,"Encorvado, , , , ",Distorted,"Stooping,,"
Bila,Lucha,"Guerra, Combate, , , ",Fight,"War, combat,,,"
Bilaonoged,Combatir,"Guerrear, , , , ",Fight,"War,,,,"
Urwed,Combatir,"Guerrear, , , , ",Fight,"War,,,,"
Biler,Personaje que simboliza el mal,,Character who symbolizes evil,#VALUE!
Olonaiggabaler,Personaje que simboliza el mal,,Character who symbolizes evil,#VALUE!
Bilubilu,Rizado,"Ensortijado, Ondulado, , , ",Curly,"Ensortijado rippled,"
Bina,Hígado,,Liver,#VALUE!
Abgana,Organismo,,Organism,#VALUE!
Binabina,Poco a poco,"Despacio, Lento, Pausado, , ",Little by little,"Slow, Slow, deliberate,"
Binasdiggii,Poco a poco,"Despacio, Lento, Pausado, , ",Little by little,"Slow, Slow, deliberate,"
Binagoled,Hipo,,Hiccup,#VALUE!
Binasdiggii,Poco a poco,"Despacio, Lento, Pausado, , ",Little by little,"Slow, Slow, deliberate,"
Binasgar,Pecho,,Chest,#VALUE!
Binasgala,Pecho,,Chest,#VALUE!
Binasgudsu,Pecho,,Chest,#VALUE!
Bindumagged,Revolcarse,,wallow,#VALUE!
Bibbinmagged,Revolcarse,,wallow,#VALUE!
Binged,Pena,"Verguenza, Rubor, Bochorno, , ",Pain,"Embarrassment, Rubor, Embarrassment,"
Abgayala,Hacer a tiempo,,Make time,#VALUE!
Bingedsulid,Sinverguenza,"Insolente, , , , ",Scoundrel,"Impudent,,,,"
Bingegued,Avergonzarse,"Apenarse, Ruborizarse, , , ",To embarrass,"Distressing, Blushing,,,"
Binibini,Muy nuevo,"Novìsimo, , , , ",Very new,"Novísimo,,,,"
Binid,Nuevo,"Reciente, Intacto, Novedoso, , ",New,"Recent, Intact, fresh,"
Binidi,Nuevo,"Reciente, Intacto, Novedoso, , ",New,"Recent, Intact, fresh,"
Gwabbid,Nuevo,"Reciente, Intacto, Novedoso, , ",New,"Recent, Intact, fresh,"
Gwabbidi,Nuevo,"Reciente, Intacto, Novedeso, , ",New,"Recent, Intact, Novedeso,"
Binnagwa,Lento,"Despacio, Suave, Tardo, , ",Slow,"Slowly, Soft, slow,"
Binnasur,Rápido,"Muy ligero, No despacio, Alto, Fuerte, ",Quick,"Very light, not slowly, tall, strong,"
Binnasuli,Rápido,"Ligero, No despacio, Alto, Fuerte, ",Quick,"Light, not slowly, tall, strong,"
Abgila,Criatura,,Creature,#VALUE!
Binnuwar,Arbol de espavé,,Tree espave,#VALUE!
Binnuwala,Arbol de espavé,,Tree espave,#VALUE!
Binoed,Renovar,"Innovar, Remozar, Reorganizar, , ",Renovate,"Innovating, Beautify, Reorganize,"
Binoged,Renovar,"Innovar, Remozar, Reorganizar, , ",Renovate,"Innovating, Beautify, Reorganize,"
Obinoged,Renovar,,Renovate,#VALUE!
Binasdiggigwa,Poco a poco,,Little by little,#VALUE!
Iddoaggwagwa,Con cautela,"Con prudencia, , , , ",cautiously,"With prudence, , , ,"
Binsaed,Pensar,"Reflexionar, Meditar, , , ",Think,"Reflect, meditate,,,"
Binsar,Gratuito,"Gratis, , , , ",Gratuitous,"Free, , , ,"
Binyed,Transformarse,"Transfigurarse, , , , ",Turn,"Transfigured,,,,"
Abiayala,Territorio salvado,"Continente americano, , , , ",saved territory,"American continent, , , ,"
Biogged,Clavar,,To nail,#VALUE!
Biogged,Clavar,"Incrustar, , , , ",To nail,"Embed,,,,"
Biomagged,Brotar algùn lìquido,,Sprout liquid algùn,#VALUE!
Birbir,Huso,,Spindle,#VALUE!
Birbirid,Helicóptero,,Helicopter,#VALUE!
Bired,Volver,"Regresar, Retornar,Tornar, , ",return,"Back, Return, Volver,"
Agbired,Volver,"Regresar, Retornar, Tornar, , ",return,"Back, Return, Volver,"
Bireged,Loro azul pez,"Torcido, , , , ",Parrot bluefish,"Distorted, , , ,"
Birga,Año,"Edad, , , , ",Year,"Age, , , ,"
Birgag,Cestillo,,basket,#VALUE!
Birgi,Encima,"Sobre, , , , ",Over,"On, , , ,"
Abiddoged,Esperar,,Wait,#VALUE!
Asgin,Encima,"Sobre, , , , ",Over,"On, , , ,"
Birgog,Arbol de cocobolo,,Cocobolo tree,#VALUE!
Gogbir,Fruto del arbol cocobolo,,Fruit of the tree cocobolo,#VALUE!
Gogbirgwa,Fruto de arbol de cocobolo,,Cocobolo tree fruit,#VALUE!
Biseb,Hierbabuena,,Peppermint,#VALUE!
Bised,Recoger,,Collect,#VALUE!
Weed,Recoger,"Acopiar, , , , ",Collect,"Collect,,,,"
Bisged,Quebrar,"Romper, , , , ",Break,"To break, , , ,"
Bissa,Enagua,,Petticoat,#VALUE!
Bisubisu,Serpenteo,"Tortuoso, Garabato, , , ",Wriggle,"Tortious, Scribble,,,"
Edarbed,Aguardar,,Wait,#VALUE!
Boed,Llorar,"Gemir, Sollozar, , , ",Cry,"Moaning, Sobbing,"
Addied,Llorar,"Gemir, Sollozar, , , ",Cry,"Moaning, Sobbing,"
Boegala,Llorón,,Weeping,#VALUE!
Gagdar,Llorón,,Weeping,#VALUE!
Bogileged,Calmarse,"Tranquilizarser, apaciguarse, aquietarse, , ",Calm down,"Tranquilizarser, pacified, quieting,"
Bogimaggar,Quietud profunda,"Calma, , , , ",Stillness deep,"Calm, , , ,"
Bogimaggale,Quietud profunda,"Calma, , , , ",Stillness deep,"Calm, , , ,"
Naimaggar,Quietud,,Stillness,#VALUE!
Naimaggale,Quietud,,Stillness,#VALUE!
Bogwa,Dos,,Two,#VALUE!
Abdagged,Ir al encuentro,,Go to the meeting,#VALUE!
Bo,Dos,,Two,#VALUE!
Bolego,Madrugada,"Aurora, Alba, Temprano, , ",Early morning,"Aurora, Alba, Early,"
Bolegoe,Madrugada,"Aurora, Alba, Temprano, , ",Early morning,"Aurora, Alba, Early,"
Bomied,Chispear el agua,"Lloviznar, , , , ",Sparkling water,"Drizzling,,,,"
Gaggarmagged,Chispear,"Lloviznar, , , , ",Spark,"Drizzling,,,,"
Enfermedad,Peligro,"Dificultad, , , , ",Danger,"Difficulty,,,,"
Bonigoordiggid,Malaria,,Malaria,#VALUE!
Bonisagla,Peligroso,"Muy peligroso, De alto riesgo, , , ",Dangerous,"Very dangerous, High-risk,"
Boo,Neblina,"Bruma, , , , ",Fog,"Bruma,,,,"
Bubbunmagged,Brotar en estado semilicuado,,Sprout in semi-liquified state,#VALUE!
Abindagged,Recibir,"Acoger, , , , ",To receive,"Embrace, , , ,"
Bubburmagged,Brotar algo en estado gaseoso,,Sprout something gaseous,#VALUE!
Budariddoged,Flojera,"Somnolencia, , , , ",Weakness,"Drowsiness, , , ,"
Buddarar,Erizo,,Hedgehog,#VALUE!
Budde,Botella,,Bottle,#VALUE!
Buddu,Pez cofre,"Perdiz de arca, , , , ",Boxfish,"Partridge ark,,,,"
Buddugnoed,Salir apresurado,,Rushed out,#VALUE!
Budi,Cerbatana,,Blowgun,#VALUE!
Bugbu,Colador,,Strainer,#VALUE!
Buggib,Mucho,"Numeroso, , , , ",A lot,"Large,,,,"
Buggibbinsaed,Tristeza,"Pesadumbre, , , , ",Sadness,"Grief,,"
Abingued,Encontrarse,"Toparse,Hallarse, , , , ",Meet,"Coming across, found,,,,"
Wileiddoged,Tristeza,"Pesadumbre, , , , ",Sadness,"Grief,,"
Buggidar,Cuantioso,"Mucho, , , , ",Large,"Much, , , ,"
Buggidara,Cuantioso,"Mucho, , , , ",Large,"Much, , , ,"
Yaisuli,Cuantioso,"Mucho, , , , ",Large,"Much, , , ,"
Buggwa,Están,Verbo de estar ,To be,Verb to be
Buglu,Calabaza para llevar chicha de maiz,"Cantimplora, , , , ",Pumpkin to bring chicha de maiz,"Canteen,,,,"
Bugsu,Hermano de Ibeler,"Venus, Lucero, , , ",Ibeler's brother,"Venus, Lucero,,,"
Igwaoginyabibbiler,hermano de Ibeler,hermano de Ibeler,Ibeler's brother,brother Ibeler
Bula,Maleza,"Matorral, Basura, , , ",Undergrowth,"Scrubland Garbage,"
Buladig,Entre todos,"Juntos, Unidos, , , ",Among all,"Together, united,,,"
Aaular,En lugar de,,Instead of,#VALUE!
Anale,Por algo,,something,#VALUE!
Buladiggi,Entre todos,"Juntos, Unidos, , , ",Among all,"Together, United,,,"
Bulaggwa,Unidos,"Juntos como la hierba, , , , ",United,"Together like grass,,"
Bulaggwagwa,,,#VALUE!,#VALUE!
Bulebanna,A qué distancia,"Por dónde, , , , ",How far,"Where, , , ,"
Banna,A qué distancia,"Por dónde, , , , ",How far,"Where, , , ,"
Buled,Valiente,"Capaz, , , , ",Brave,"Able,,,,"
Buledi,valiente,"Capaz, , , , ",brave,"Able,,,,"
Gandiggid,Valiente,"Capaz, , , , ",Brave,"Able,,,,"
Bulemelu,Cuántos,,How many,#VALUE!
Melu,Cuántos,,How many,#VALUE!
Abirgunar,En pareja,,In couple,#VALUE!
Bigwa,Cuántos,,How many,#VALUE!
Buna,Hermana dicho por una varón,"Mujer, , , , ",Sister said by a male,"Woman, , , ,"
Bunagwa,Joven,"Muchacha, Chica, , , ",Young,"Girl, Girl,,,"
Bunmarnele,Ginecologo,,Gynecologist,#VALUE!
Bunnoged,Respirar,,Breathe,#VALUE!
Bunnu,Cola,"Rabo, , , , ",Tail,"Rabo,,,,"
Bunnogoro,Pez pargo,,Snapper fish,#VALUE!
Bunor,Niña,"Pequeña, , , , ",Girl,"Little, , , ,"
Bunur,Variedad de helicona,"Medicamento, , , , ",Variety of helicona,"Medicine,,,,"
Abirgunagwale,En pareja,,In couple,#VALUE!
Bunurnii,Julio,,July,#VALUE!
Bur,Avispa,,Wasp,#VALUE!
Bulu,Avispa,,Wasp,#VALUE!
Burba,Sombra,"Espiritu, Aliento, , , ",Shadow,"Spirit, breath,,,"
Burbagaed,Retratar,"Fotografiar, Fotógrafo, , , ",To portray,"Photographing, Photographer,,,"
Wagarwilubgaed,Retratar,"Fotografiar, Fotógrafo, , , ",To portray,"Photographing, Photographer,,,"
Wagargaed,Retratar,"Fotografiar, Fotógrafo, , , ",To portray,"Photographing, Photographer,,,"
Burbagan,Simbolismo,,Symbolism,#VALUE!
Wilubgan,Simbolismo,,Symbolism,#VALUE!
Burbaled,Simbolico,"Lo oculto, , , , ",Symbolic,"The hidden, , , ,"
Ablis,Sangre,,Blood,#VALUE!
Burdagged,Espejo,,Mirror,#VALUE!
Burdied,Bucear,"Sumergirse, Resistir, , , ",Diving,"Submerging, Resisting,,,"
Burdugges,Pez besugo,,bream fish,#VALUE!
Burgued,Agravarse,,worse,#VALUE!
Barbuloged,Agravarse,,worse,#VALUE!
Burgwed,Morirse,"Fallecer, , , , ",Die,"Die, , , ,"
Burged,Morirse,,Die,#VALUE!
Bursob,Primera mujer ne la tierra,,First woman ne earth,#VALUE!
Olonailasob,Primera mujer,,First woman,#VALUE!
Buru,Fruta de pan," Ceniza, , , , ",Breadfruit," Ash,,"
Abe,Sangre,,Blood,#VALUE!
Burwa,Viento,"Brisa, Aire, Soplo, , ",Wind,"Breeze, Air, Blow,"
Burwagammu,Tornado,"Tifón, , , , ",Twister,"Typhon,,,,"
Burwaored,Viento huracanado,vendaval,Hurricane wind,"Gale,,,,"
Buwar,Palo principal de la casa,,Palo main house,#VALUE!
Dabgala,Garza,"Garzota, Cigueña, , , ",Heron,"Garzota, Storks,,,"
Dabu,Barracuda,"Pez, , , , ",Barracuda,"Fish, , , ,"
Dabugared,Pez aguja,Pez aguja ,Needle fish,Needle fish
Dabur,Canoa,"Batel, , , , ",Canoe,"Batel,,,,"
Absar,"Vello,Barba","Pelo, Pelusa, , , ","Hair, Beard","Hair, fuzz,,"
Dabuulu,Canoa,"Batel, , , , ",Canoe,"Batel,,,,"
Obur,Canao,"Batel, , , , ",Canao,"Batel,,,,"
Dabuswiili,Pez sierra,,Sawfish,#VALUE!
Dada,Abuelo,,Grandfather,#VALUE!
Dad,Abuelo,,Grandfather,#VALUE!
Babser,Abuelo,,Grandfather,#VALUE!
Babsered,Abuelo,,Grandfather,#VALUE!
Dada,Anciano,"Veterano, Viejo, Sol, , ",Old man,"Veteran Old Sun,"
Dadag,Sobrio,"Despierto, , , , ",Sober,"Awake, , , ,"
Dadagga,Sobrio,"Despierto, , , , ",Sober,"Awake, , , ,"
Siga,Vello,"Barba, Pelo, Pelusa, , ",Hair,"Beard, Hair, Fluff,"
Daddummad,Bisabuelo,,Great grandfather,#VALUE!
Dadgaleged,Eclipse solar,,Solar eclipse,#VALUE!
Dadgan,Antepasados,,Ancestors,#VALUE!
Babgan,Antepasados,,Ancestors,#VALUE!
Dadibe,Sol,,Sun,#VALUE!
Dada,Sol,,Sun,#VALUE!
Dad,Sol,,Sun,#VALUE!
Dadnade,Tarde,"Por la tarde, , , , ",Late,"In the afternoon, , , ,"
Sedo,Tarde,"Por la tarde, , , , ",Late,"In the afternoon, , , ,"
Dadnaggwe,Este,"Levante, Por donde sale el sol, Oriente, , ",East,"Rise, where the sun rises, East,"
Absoged,Leer,"Dialogar, Conversar, Especialista, , ",Read,"Talk, Talk, Specialist,"
Dadyoggor,Tatarabuelo,,Great grandfather,#VALUE!
Dadyoggu,Mediodia,,Noon,#VALUE!
Daed,Cultura,"Conducta, Estilo de vida, Compartarse, , ",Culture,"Behavior, Lifestyle, Compartarse,"
Dagar,Helicona hojas parecidas al de guineo,,Helicona leaves similar to that of guineo,#VALUE!
Daged,Venir,,Come,#VALUE!
Daggarmagged,Brillar,"Resplandecer, Fulgurar, , , ",Shine,"Shine, Fulgurar,,,"
Ibyed,Brillar,"Resplandecer, Fulgurar, , , ",Shine,"Shine, Fulgurar,,,"
Dagge,Ortiga,Planta medicinal ,Nettle,medicinal plant
Dagged,Mirar,"Observar, No perder de vista, Otear, , ",Look,"Observe, not lose sight of, scan,"
Dagnaed,Ir a ver,"Encaminarse a observar, , , , ",Go to see,"Wend watch,,"
Abu,Pez loro,,Parrotfish,#VALUE!
Dagsig,Atrás,"Detrás, , , , ",Behind,"Behind, , , ,"
Dagsiggi,Atrás,"Detrás, , , , ",Behind,"Behind, , , ,"
Dagu,Aguamala,"Medusa, , , , ",Bad water,"Jellyfish, , , ,"
Dain,Cocodrilo,"Caimán, Lagarto, , , ",Crocodile,"Alligator, Lizard,,,"
Dala,Ojos,"Vista, , , , ",Eyes,"View, , , ,"
Ibya,Ojos,,Eyes,#VALUE!
Dalasulid,Ciego,"Invidente, , , , ",Blind,"Blind, , , ,"
Ibyasulid,Ciego,"Invidente, , , , ",Blind,"Blind, , , ,"
Dali,Una brazada,,An armful,#VALUE!
Dalloged,Fallar el tiro,,Miss the shot,#VALUE!
Abuabu,Objeto blando desmenuzado,,Crumbled soft object,#VALUE!
Gwabboed,Fallar el tiro,"Errar, , , , ",Miss the shot,"Err,,,,"
Dalued,Derretir,"Licuar, Disolver, , , ",Melt,"Liquefy, Dissolving,,,"
Dambed,Frío,,Cold,#VALUE!
Danar,Grupo,"Conjunto, Agrupado, , , ",Group,"Together, Grouped,,"
Danale,Grupo,"Conjunto, Agrupado, , , ",Group,"Together, Grouped,,"
Darbogwad,Doble,"Gemelo, , , , ",Double,"Twin,,,,"
Dargwa,Oteo,,Oteo,#VALUE!
Dasi,Pez candil,"Zorro, , , , ",Fish candil,"Fox, , , ,"
Dear,Río abajo,,Down river,#VALUE!
Deale,Río abjo,,river abjo,#VALUE!
Aulale,En lugar de,,Instead of,#VALUE!
Adared,Destruirsse,"Espacirse, Desparramarse, , , ",Destruirsse,"Espacirse, scatter,,,"
Deddereged,Sin punta,"Romo, , , , ",pointless,"Blunt, , , ,"
Gaggored,Sin punta,"Romo, , , , ",pointless,"Blunt, , , ,"
Dedgar,Instrumento hecho de cráneo de armadillo,,Instrument made of armadillo's skull,#VALUE!
Dedegala,Instrumento de armadillo,,Instrument armadillo,#VALUE!
Deemagged,Gotear,,Drip,#VALUE!
Yagged,Gotear,,Drip,#VALUE!
Degidde,Hola,"Expresión de saludo, , , , ",Hi,"Expression of greeting,,,,"
Naa,Hola,,Hi,#VALUE!
Anna,Hola,,Hi,#VALUE!
Degii,Así es,,So is,#VALUE!
Addagged,Despertarse,"Fijarse, Pelarse, , , ",Wake up,"Fixed, Peeling,,,"
Nabiri,Así es,,So is,#VALUE!
Dasi,Pez candil,,Candil fish,#VALUE!
Demar,Mar,"Oceáno, , , , ",Sea,"Ocean,,,,"
Muubille,Mar,"Oceáno, , , , ",Sea,"Ocean,,,,"
Demargagan,Algas marinas,,Seaweed,#VALUE!
Demarob,Algas marinas,,Seaweed,#VALUE!
Demarmullugan,Oleajes,"Olas, , , , ",Surges,"Waves, , , ,"
Demarwellegan,Oleajes,"Olas, , , , ",Surges,"Waves, , , ,"
Dendenne,Pez ronquito,,fish ronquito,#VALUE!
Di,Agua,,Water,#VALUE!
Addar,Cinco,,Five,#VALUE!
Dia,Pozo,,Water well,#VALUE!
Dian,Riachuelo,"Arroyo, , , , ",Creek,"Arroyo,,,,"
Diba,Araña casera,,Spider home,#VALUE!
Dibamor,Tul,"Gasa, , , , ",Tulle,"Gauze, , , ,"
Dibbagwa,Flaco,,Skinny,#VALUE!
Garagwa,Flaco,"Enjuto, , , , ",Skinny,"I gaunt,,,,"
Dibur,Calabaza para agua,,Water pumpkin,#VALUE!
Diburwa,Viento,"Del este, , , , ",Wind,"From the east, , , ,"
Dibyed,Freir,,Fry,#VALUE!
Diddiregwa,Agua cristalina,"Clara, , , , ",Clear water,"Clear, , , ,"
Addale,Cinco,,Five,#VALUE!
Didi,Mono tití,,Titi monkey,#VALUE!
Didigwa,Monto tití,,amount marmoset,#VALUE!
Didod,Cormorán,"Cuervo marino, , , , ",Cormorant,"Raven marine,,"
Dodo,Cormorán,"Cuervo marino, , , , ",Cormorant,"Raven marine,,"
Didordo,Paraguas,,Umbrella,#VALUE!
Diduleged,Ahogarse,,Drown,#VALUE!
Gundileged,Ahogarse,,Drown,#VALUE!
Gundoleged,Ahogarse,,Drown,#VALUE!
Digammu,Acueducto,,Aqueduct,#VALUE!
Digar,Agua caliente,,Hot water,#VALUE!
Addied,Llorar,"Gemir, Sollozar, , , ",Cry,"Moaning, Sobbing,"
Diged,Sembrar,"Cultivar, enterrar, sepultar, , ",Plant,"Cultivar, bury, bury,"
Digegwa,Ratoncillo,"Ratilla, , , , ",ratoncillo,"Ratilla,,,,"
Diggar,Cadera,"Al lado de, , , , ",Hip,"Next to, , , ,"
Diggala,Cadera,"Al lado de, , , , ",Hip,"Next to, , , ,"
Diggarba,Alrededor,"Derredor, , , , ",Around,"Round,,,,"
Daggarbali,Alrededor,"Derredor, , , , ",Around,"Round,,,,"
Diggasur,Lejos,"Lejano, Allá, , , ",Far,"Far, There,,,"
Diggasuli,Lejoslejano,"Allá, , , , ",Lejoslejano,"There,,,,"
Edsaa,Lejos,,Far,#VALUE!
Digwar,Limo,"Algas, , , , ",Silt,"Algae, , , ,"
Boed,llorar,"Gemir, Sollozar, , , ",Cry,"Moaning, sobbing,"
Dibormo,Balde,"Vasija grande, , , , ",Bucket,"Large pot,,"
Dibuglu,Calabaza para agua,,Water pumpkin,#VALUE!
Dibur,Calabaza para agua,,Water pumpkin,#VALUE!
Digurguli,Lluvia torrencial,,Torrential rain,#VALUE!
Diirmagged,Corriente fluvial,,Current river,#VALUE!
Sugge,Corriente fluvial,,Current river,#VALUE!
Diwied,Lluvia,"Aguacero, Chaparrón, Llover, , ",Rain,"Cloudburst, cloudburst, Raining,"
Negaddied,Luvia,"Aguacero, , , , ",Luvia,"Downpour, , , ,"
Dilla,Arbol de palo santo,"Guayabo, , , , ",Tree lignum,"Guava,,,,"
Dillanii,Marzo,,March,#VALUE!
addoged,Juntar,"Unir, , , , ",Put together,"Link, , , ,"
Dimadda,Charca,"Lodo, Estanque, , , ",Pond,"Mud, Pond,,,"
Negmadda,Charca,"Lodo, Estanque, , , ",Pond,"Mud, Pond,,,"
Dimaddadummad,Lago,"Pántano, Cenagal, , , ",Lake,"MARSH, Quagmire,,"
Dimmur,Ostra,,Oyster,#VALUE!
Dimoli,Manatí,"Foca, , , , ",sea ​​cow,"Seal, , , ,"
Dinagbe,Serpiente marina,,Sea snake,#VALUE!
Dinarsiggaled,Alimento de jugo de plátano,"Cacao, Desayuno, , , ",Food banana juice,"Cacao, Breakfast,,,"
Dinna,Seco,"Enjuto, , , , ",Dry,"I gaunt,,,,"
Dinnagwa,Seco,"Enjuto, , , , ",Dry,"I gaunt,,,,"
Dinned,Enlazar con arte,,Link with art,#VALUE!
Addued,Arroparse,"Cubrirse, Sábana, Cobija, , ",arroparse,"Cover, Sheet, Cobija,"
Diobbigwa,Fresco,"Frío, , , , ",Cool,"Cold, , , ,"
Diyobbigwa,Fresco,"Frío, , , , ",Cool,"Cold, , , ,"
Diobbisulid,Caliente,,Hot,#VALUE!
Diyobbisulid,Caliente,,Hot,#VALUE!
Uereged,Caliente,,Hot,#VALUE!
Dior,Alacran,"Escorpión, , , , ",Scorpion,"Scorpion,,,,"
Dirbir,Círculo,"Redondo, Circular, , , ",Circle,"Round, circular,,,"
Dirbile,Circulo,"Redondo, Circular, , , ",Circle,"Round, circular,,,"
Olole,Circular,,Circular,#VALUE!
Oroggwagwa,Circulo,"Redondo, Circular, , , ",Circle,"Round, circular,,,"
Addursaed,robar,"Despojar, Asaltar, Ladron, Bandido, ",Steal,"Despoil, Raiding, Ladron, Bandido,"
Dirigwa,Líquido,"Transparente, Claro, , , ",Liquid,"Transparent, clear,,,"
Disegad,Diarrea,,Diarrhea,#VALUE!
Sadib,Diarrea,,Diarrhea,#VALUE!
Saabio,diarrea,,diarrhea,#VALUE!
Disla,Tijera,,Scissors,#VALUE!
Disnaed,Defecar,"Excretar, Deponer, , , ",Defecate,"Excrete, overthrow,,,"
Aggued,Defecar,"Excretar, , , , ",Defecate,"Excrete,,,,"
Sadued,Defecar,,Defecate,#VALUE!
Diwar,Río,,River,#VALUE!
Diwala,Rio,"Corriente, , , , ",River,"Stream, , , ,"
Adsa,Variedad de abejas,,Variety of bees,#VALUE!
Doa,Quién,,Who,#VALUE!
Dobed,Miedo,,Fear,#VALUE!
Dobgued,Temer,"Asustarse, Atemorizarse, , , ",Fear,"Scared, frightened,,,"
Gwayed,Temer,"Asustarse, , , , ",Fear,"Get scared, , , ,"
Doddo,Niño,"Infante, Pequeño, , , ",Kid,"Infante, Small,,,"
Doggogalu,Jardín de párvulos,"Hogar de niños, , , , ",Nursery garden,"Children's Home, , , ,"
Dodo,Caromorón,"Cuervo marino, , , , ",Caromorón,"Raven marine,,"
Dodoar,Relajado,"De broma, No serio, , , ",Relaxed,"Joke, not serious,"
Dodoale,Relajado,"De broma, , , , ",Relaxed,"Jokingly, , , ,"
Dodoged,Jugar,"Bromear, , , , ",To play,"To joke, , , ,"
Anar,Por alguien,,For someone,#VALUE!
Adsiggied,Mojarse,"Empaparse, , , , ",Get wet,"Imbibe,,,,"
Dodoed,Jugar,"Bromear, , , , ",To play,"To joke, , , ,"
Dodua,Pez Corvina,,Corvina fish,#VALUE!
Doed,Tragar,"Devorar, Engullir, , , ",swallow,"Devour, Gobble,,,"
Doga,Abundante,"Suficiente, Bastante, , , ",Abundant,"Enough, enough,,,"
Yaisuli,Abundante,"suficientte, Bastante, , , ",Abundant,"suficientte, pretty,,,"
Nagege,Abundante,"Suficiente, , , , ",Abundant,"Enough, , , ,"
Dogdar,Demasiado,"En extremo, Excesivo, , , ",Too,"In extreme, excessive,"
Dogdara,Demasiado,"En extremo, Excesivo, , , ",Too,"In extreme, excessive,"
Issesuli,Mucho,"Excede, , , , ",A lot,"Exceeds,,,,"
Doged,Penetrar,"Ingresar, Hundir, , , ",Penetrate,"Enter Sinking,"
Adsule,pasado mañana,,day after tomorrow,#VALUE!
Doggus,Exagerado,"Desmedido, , , , ",Exaggerated,"I unconscionable,,,,"
Doggusa,Exagerado,"Desmedido, , , , ",Exaggerated,"I unconscionable,,,,"
Dogagusa,Exagerado,"Desmedido, , , , ",Exaggerated,"I unconscionable,,,,"
Dollomagged,Toser,"Tos, , , , ",Cough,"Cough, , , ,"
Dolo,Instrumento musical de bambú,,Bamboo musical instrument,#VALUE!
Dollomagged,Toser,"Tos, , , , ",Cough,"Cough, , , ,"
Dommomagged,Chapotear,"Nadar, , , , ",Splash,"Swim, , , ,"
Gommomagged,Chapotear,"Nadar, , , , ",Splash,"Swim, , , ,"
Dongwen,Cuarenta centavos,,Forty cents,#VALUE!
Donni,Pequeñito,"Cortito, Diminuto, , , ",Tiny,"Shortie, Tiny,,,"
Adswer,Anzuelo,,Fish hook,#VALUE!
Donnigwa,Pequeñito,"Cortito, Diminuto, , , ",Tiny,"Shortie, Tiny,,,"
Dosin,Docena,,Dozen,#VALUE!
Dua,Muslo,"Pierna, , , , ",Thigh,"Leg,,,,"
Duagar,Fémur,,Femur,#VALUE!
Duagala,Fémur,,Femur,#VALUE!
Duamagged,Patalear,"Revolcarse, , , , ",Kick,"Wallowing,,,,"
Bindumagged,Patalear,"Revolcarse, , , , ",Kick,"Wallowing,,,,"
Dub,Hilo,"Cuerda, Soga, , , ",Thread,"String rope, , ,"
Duba,Hilo,"Soga, Cuerda, , , ",Thread,"Rope rope, , ,"
Dub,Isla,"Islote, , , , ",Island,"Island,,,,"
Adswerdub,Hilo de pescar,,Fishing line,#VALUE!
Dubbu,Isla,"Islote, , , , ",Island,"Island,,,,"
Duddu,Flor,,Flower,#VALUE!
Duddugalu,Jardín,,Yard,#VALUE!
Duddugwa,Blando,"Suave, , , , ",Soft,"Soft,,,,"
Duddumola,Amarillo,,Yellow,#VALUE!
Gorogwad,Amarillo,,Yellow,#VALUE!
Duddusulid,Fuerte,"Duro, Recio, Sólido, , ",Strong,"Hard, Recio, Solid,"
Selelleged,Fuerte,"Duro, Recio, Sólido, , ",Strong,"Hard, Recio, Solid,"
Dudied,Sumergir,"Remojar, , , , ",Immerse,"Soak, , , ,"
Dudu,Coloradilla,"Cresta de gallina, , , , ",chigger,"Crest Chicken,,"
Adsweryala,Albahaca,,Basil,#VALUE!
Duggar,Cuello,"Pescuezo, , , , ",Neck,"I scruff,,,,"
Duggin,Inclinado,"Por sí mismo, , , , ",Inclined,"Itself, , , ,"
Duggu,Punta,"Extremo, Cumbre, Fin, , ",Tip,"End, Summit, Fin,"
Duggued,Esconderse,"Refugiarse, Ocultarse, , , ",Hide,"Sheltering, Conceal,,,"
Dugla,Conchas pequeñas de mar,,small sea shells,#VALUE!
Dugu,Mero,,Mere,#VALUE!
Dula,Vivo,"Comunidad, Gente, , , ",Alive,"Community, People,"
Dulanied,Guía,"Dirigente, , , , ",Guide,"Leader,,,,"
Idued,Guía,"Dirigente, , , , ",Guide,"Leader,,,,"
Dummad,Guía,"Dirigente, , , , ",Guide,"Leader,,,,"
Agbined,Volterearse,"Girar, rodar, volverse, , ",Volterearse,"Spin, roll, turn,"
Dulasagla,Está bien vivo,,Is alive well,#VALUE!
Dule,Persona,"Individuo, , , , ",Person,"Individual,,,,"
Duled,Pus,"Supuración, , , , ",Pus,"Suppuration,,,,"
Dulemas,Comida guna,,Guna food,#VALUE!
Dulemasi,Comida guna,,Guna food,#VALUE!
Dullumagged,Agacharse,"Inclinarse, esquinarse, , , ",Bend,"Stooping, esquinarse,,,"
Dulub,Langosta,,Locust,#VALUE!
Dumgued,Tamaño,"crecer, agrandarse, , , ",Size,"grow, enlarged,,,"
Dummad,Grande,"Jefe, Guía, , , ",Big,"Chief Guide,"
Dunnudunnu,Arrugado,"ajado, , , , ",Wrinkled,"I ajado,,,,"
Abired,volver,"regresar, retornar, tornar, , ",return,"return, return, turn,"
Sinnisinni,Arrugado,"ajado, , , , ",Wrinkled,"I ajado,,,,"
Babbibabbi,Arrugado,"ajado, , , , ",Wrinkled,"I ajado,,,,"
Dunu,Cocuyo,,Cocuyo,#VALUE!
Dunued,Pañuelo de la cabeza,,Head scarf,#VALUE!
Muswe,Pañuelo,,Handkerchief,#VALUE!
Durbamagged,Florecer,,To flourish,#VALUE!
durdagged,Aprender,"instruirse, educarse, , , ",To learn,"learn, educate,,,"
Durdaglegoed,Objetivo,,Objective,#VALUE!
Amilegoed,Objetivo,,Objective,#VALUE!
Durgwen,Veinte,,Twenty,#VALUE!
Agdeged,Bajarse,"descender, , , , ",Get down,"down,,,,"
Dulagwen,Veinte,,Twenty,#VALUE!
Durmied,Barrer,,Sweep,#VALUE!
Durwied,Barrer,,Sweep,#VALUE!
Neggwaied,Barrer,,Sweep,#VALUE!
Durwa,Basura,"desperdicio, sobrante, , , ",Garbage,"waste, waste,,,"
Ibdurwa,Basura,"desperdicio, , , , ",Garbage,"waste,,,,"
Durwied,Barrer,,Sweep,#VALUE!
Durmied,Barrer,,Sweep,#VALUE!
Dusi,Papera,"papo, , , , ",mumps,"papo,,,,"
Dusolo,Abseso,,Abscess,#VALUE!
Duule,abambado,"arqueado, , , , ",I abambado,"arcuate,,,,"
Agdied,Pértiga,"palanca, palo para mover cayuco, , , ",Pole,"lever, stick to move cayuco,,,"
Duuru,Fruta verde,,Green fruit,#VALUE!
El,Su,,his,#VALUE!
Eared,Desmantelar,"deshacer, demoler, , , ",Dismantle,"undo, demolish,"
Earmagged,Desenrollar,,Unroll,#VALUE!
Ebayed,Enrollar,"devanar, , , , ",Roll up,"rewinding,,,,"
Ebenne,Hace tiempo,,Long time,#VALUE!
Ebbinne,Hace tiempo,,Long time,#VALUE!
Ebibbied,Arrastrar,"Tirar, impulsar, , , ",Drag,"Pull, push,,,"
Ebied,Jalar,"tirar, halar, , , ",Pull,"pull, pull,,,"
Ebined,Rayar,"afilar, , , , ",Scratch,"Sharpen, , , ,"
Agdiggi,pesado,"sólido, , , , ",heavy,"I solid,,"
Ebinsaed,Recordar,"acordarse, conmemorar, , , ",Remember,"remember, commemorate,"
Insaed,Recordar,"acordarse,conmemorar, , , , ",Remember,"remember, commemorate,,,,"
Ebired,rodear,"Rondar, Cercar, asediar, , ",surround,"Prowling, Fencing, besiege,"
Ebised,Contar,"enumerar, , , , ",Tell,"list,,"
Ebo,Juntos los dos,"en par, aparejado, , , ",Together the two,"wide, rigged,,,"
Ebogwa,Juntos los dos,"en par, parajeado, , , ",Together the two,"wide, parajeado,,,"
Ebued,Tocar,"manipular, manosear, usar, , ",Play,"handling, tampering, use,"
Edarbed,Esperar,"aguardar, , , , ",Wait,"wait,,"
Abdagged,Esperar,"aguardar, , , , ",Wait,"wait,,"
Abiddoged,Esperar,"aguardar, , , , ",Wait,"wait,,"
Anale,Por algo,,something,#VALUE!
Anale,Por alguien,,For someone,#VALUE!
Agdiggirba,Pesado,,Heavy,#VALUE!
Edared,Pelar,"quitar cáscara, , , , ",Peel,"remove shell,,,,"
Enubed,Pelar,"quitr cáscara, , , , ",Peel,"quitr shell,,,,"
Obusged,Pelar,"quitar la cáscara, , , , ",Peel,"Remove the peel, , , ,"
Edied,Cerrar,"Trancar, Obstruir, , , ",Close,"Trancar, Obstruct,,,"
Edinned,Amarrar,"Atar, ligar, , , ",Tie up,"Atar, flirt,,,"
Edsaa,Lejos,"lejano, allá, , , ",Far,"far, there,"
Diggasur,Lejos,"lejano, , , , ",Far,"far, , , ,"
Diggasuli,Lejos,"lejano, , , , ",Far,"far, , , ,"
Edued,Tapar,"cubir, resguardar, cerrar, , ",Cover,"Cubiro, protect, close,"
Egaar,Abierto,,Open,#VALUE!
Uggusuli,pesado,"sólido, , , , ",heavy,"I solid,,"
Egaale,Abierto,,Open,#VALUE!
Argaar,Abierto,,Open,#VALUE!
Egaed,Abrir,"partir, , , , ",Open,"from,,,,"
Egesig,Allá,"Hacia allá, , , , ",There,"Over there, , , ,"
Wesig,Allá,"Hacia allá, , , , ",There,"Over there, , , ,"
Weba,Allá,,There,#VALUE!
Egised,Pedir,"indagar, exigir, , , ",Ask for,"investigate, demand,,,"
Egured,Escurrir,"Secar, , , , ",Drain,"Dry off, , , ,"
Ogured,Escurrir,"secar, moler, , , ",Drain,"drying, grinding,,,"
Egwaed,Seleccionar,"escoger, , , , ",To select,"choose, , , ,"
Agdiggued,Peso,,Weight,#VALUE!
Elied,Borrar,"tachar, eliiminar, , , ",Delete,"cross out, eliiminar,,,"
Eloed,Lamer,"relamer, , , , ",To lick,"relamer,,,,"
Emala,Igual," cómo, , , , ",Same," how, , , ,"
Nayobi,Igual,"como, , , , ",Same,"how, , , ,"
Yobi,Igual,,Same,#VALUE!
Emarbi,Igual,"lo mismo, uniforme, , , ",Same,"the same uniform,"
Balibi,Igual,"Lo mismo, , , , ",Same,"The same, , , ,"
Emi,Hoy,"Actualmente, , , , ",Today,"Actually, , , ,"
Emied,Socolar,"desmontar, , , , ",Socolar,"disassemble,,,,"
Emigi,Ya,"ahora, en este momento, , , ",Already,"Right now, , ,"
Agdir,Piedra lija,,emery stone,#VALUE!
Emisgi,Ya,"ahora, en este moemnto, , , ",Already,"Now, in this moemnto,,,"
Emis,Ahora,"hace poco, , , , ",Now,"recently, , , ,"
Emisgwa,Ahora,"hace poco, , , , ",Now,"recently, , , ,"
Emisbinne,Ahora mismo,"en acto, al instante, , , ",Right now,"in action at the moment,"
Emissunna,Ahora mismo,,Right now,#VALUE!
Enaed,Patear,,Kick,#VALUE!
Engued,Hincharse,"inflarse, abultarse, , , ",Swell,"inflates, bulge,,,"
Mued,Hincharse,"inflarse, , , , ",Swell,"inflates,,,,"
Enied,Desplumar,,Pluck,#VALUE!
Enired,Pegar,"engomar, soldar, , , ",Paste,"gumming, welding,"
Agdoged,Levantar,"alzat, , , , ",Lift up,"Alzat,,,,"
Enoed,Llenar,"Rellenar, Colmar, , , ",Fill in,"Fill, Colmar,,,"
Enoged,Llenar,"rellenar, , , , ",Fill in,"Fill, , , ,"
Enubed,Pelar,"quitar la cáscara, , , , ",Peel,"Remove the peel, , , ,"
Obusged,Pelar,"quitar la cascara, , , , ",Peel,"Remove the peel, , , ,"
Edared,Pelar,,Peel,#VALUE!
Enugged,Lavar,"fregar, enjuagar, , , ",To wash,"washing, rinsing,"
Onugged,Lavar,,To wash,#VALUE!
Eoed,Derramar,"verter, , , , ",To spill,"pour, , , ,"
Eoged,derramar,"verter, , , , ",to spill,"pour, , , ,"
Esa,Machete,,Machete,#VALUE!
Aged,Vomitar,,Barf,#VALUE!
Esbibbi,Cuchillo pequeño,,small knife,#VALUE!
Esdin,Cuchillo,"navaja, , , , ",Knife,"knife,,,,"
Esgoro,Clavo,"hierro, tachuela, , , ",Nail,"iron, tack,,,"
Esgorodub,Cadena,,Chain,#VALUE!
Esgoroduba,Cadena,,Chain,#VALUE!
Esied,Raspar,"cepillar, , , , ",To scrape,"brush,,,,"
Esigged,Desatar,"desamarrar, soltar, , , ",Tie off,"untie, release,,,"
Esirmagged,Desgarrar,"romper, , , , ",Tear,"to break, , , ,"
Eslo,Caimito,,Caimito,#VALUE!
Esmed,Paila,,Paila,#VALUE!
Aggaagga,Torpeza," a tiendas, , , , ",Clumsiness," to shops,,,,"
Esnali,Serrucho,,Saw,#VALUE!
Esnar,Ancla,,Anchor,#VALUE!
Esnardub,Cadena de ancla,,Anchor chain,#VALUE!
Esnugar,Filo del machete,,Edge of the machete,#VALUE!
Esanugala,Filo del machete,,Edge of the machete,#VALUE!
Esnun,Cobre,"latón, , , , ",Copper,"brass,,,,"
Esnundub,Cable,"cadena de cobre, , , , ",Cable,"copper chain,,"
Esnunduba,Cable,"Cadena de cobre, , , , ",Cable,"Copper chain,,"
Eswar,Chuzo,,chuzo,#VALUE!
Eswala,Chuzo,,chuzo,#VALUE!
Aggabagga,profundo,"hondo, , , , ",deep,"deep,,,,"
Esweed,Perfilar cayuco,"labrar, , , , ",Sharpen I cayuco,"styling,,"
Eye,Si,,Yes,#VALUE!
Aye,Si,,Yes,#VALUE!
Gaa,Ají,"guindilla, picante, , , ",Chili pepper,"pepper, spicy,"
Gabboled,Bastón,"Cayado, báculo, , , ",Walking stick,"Crook, crozier,,"
Gabboledi,Bastón,,Walking stick,#VALUE!
Gaamagged,Andar sin rumbo,,Walking aimlessly,#VALUE!
Gabban,Campana,,Bell,#VALUE!
Gabdagged,Soñar,,Sound,#VALUE!
Negburdagged,Soñar,,Sound,#VALUE!
Aggaed,aferrarse,"agarrarse, , , , ",hang on,"grab on, , , ,"
Gabed,Dormir,,Sleep,#VALUE!
Gabgi,Mientras uno duerme,"dormido, , , , ",While sleeping,"asleep, , , ,"
Gabi,Café,,Coffee,#VALUE!
Gabigan,Cafetal,,Coffee plantation,#VALUE!
Gabur,Ají conguito,,Aji I conguito,#VALUE!
Gaddig,Más aún,"Todavía más, , , , ",Even more,"Even more, , , ,"
Gaddiggi,Más áun,"Todavía más, , , , ",Even more,"Even more, , , ,"
Nabbi,Más aún,"Todavía más, , , , ",Even more,"Even more, , , ,"
Gaed,Agarrar,"Detener, sujetar, , , ",Grab,"Stop, hold,,,"
Gagamagged,Cacarear,,Cackle,#VALUE!
Aggan,Hacha,,Ax,#VALUE!
Gaga,Hierba,"paja, , , , ",Grass,"straw,,,,"
Gagana,Hierba,"paja, , , , ",Grass,"straw,,,,"
Gagandug,Guabina de arena,,Guabina sand,#VALUE!
Gagandugu,Guabina de arena,,Guabina sand,#VALUE!
Gagdar,Llorón,,Weeping,#VALUE!
Boegala,Llorón,,Weeping,#VALUE!
Gagga,Boca,"Costa, , , , ",Mouth,"Costa,,"
Gaya,Boca,,Mouth,#VALUE!
Gaggagannoed,Adjetivo,,Adjective,#VALUE!
Gayagannoed,Adjetivo,,Adjective,#VALUE!
Abaggar,Por si acaso,,Just in case,#VALUE!
Aggangar,mango de hacha,,ax handle,#VALUE!
Gaggan,Mentira,"chisme, embuste, , , ",lie,"gossip, lie,,,"
Gagganna,Mentira,"chisme, embuste, , , ",lie,"gossip, lie,,,"
Gaggansaed,Mentir,"Falsear, timar, , , ",Lie,"Distort, cheat,,"
Gaggansili,Mentiroso,"Embustero, , , , ",Liar,"Trickster,,,,"
Gaggarmagged,Lloviznar,,Drizzle,#VALUE!
Bomied,Lloviznar,,Drizzle,#VALUE!
Gaggored,Sin punta,"Romo, , , , ",pointless,"Blunt, , , ,"
Gaggulig,Labios,,Lips,#VALUE!
Gayabir,Labios,,Lips,#VALUE!
Gaglis,Saliva,"baba, , , , ",Saliva,"baba,,,,"
Distinto,diverso,"diferente, , , , ",diverse,"different,,"
Wii,Saliva,,Saliva,#VALUE!
Gai,Caña de azucar,,Sugar cane,#VALUE!
Gaya,Caña de azucar,,Sugar cane,#VALUE!
Gaibid,Amargo,,Bitter,#VALUE!
Gaibigaibi,Poco amargo,,Little bitter,#VALUE!
Gaibigaibigwa,poco amargo,,slightly bitter,#VALUE!
Gaibir,Jugo fermentado de caña,,Juice fermented cane,#VALUE!
Inna,Jugo fermentada de caña,,Juice fermented cane,#VALUE!
Innagaibid,Jugo fermentada de caña,,Juice fermented cane,#VALUE!
Gaibirneg,Casa de ceremonia,"Casa de chicha, , , , ",House ceremony,"House chicha,,"
Aggala,distingo,"diverso, diferente, , , ",I distinguish,"diverse, different,"
Gaibirnega,Casa de la chicha,,Casa de la chicha,#VALUE!
Innaneg,Casa de ceremonia,,House ceremony,#VALUE!
Innanega,Casa de ceremonia,,House ceremony,#VALUE!
Gaigan,Cañaveral,,Reedbed,#VALUE!
Gayagan,Cañaveral,,Reedbed,#VALUE!
Gaigandug,Guabina de arena,,Guabina sand,#VALUE!
Gaigandugu,Guabina de arena,,Guabina sand,#VALUE!
Gainis,Jugo de caña,,Cane juice,#VALUE!
Gainisa,Jugo de caña,,Cane juice,#VALUE!
Gayanis,Jugo de caña,,Cane juice,#VALUE!
Horqueta,palo de sosten,,bra stick,#VALUE!
Gayanisa,Jugo de caña,,Cane juice,#VALUE!
Gaisuwar,Trapiche,,Trapiche,#VALUE!
Gaisuwala,Trapiche,,Trapiche,#VALUE!
Gaiugga,Bagazo de caña de azucar,,Sugar cane bagasse,#VALUE!
Gayaugga,Bagazo de caña de azucar,,Sugar cane bagasse,#VALUE!
Galanuggi,Poliomielitis,"polio, , , , ",Poliomyelitis,"polio,,,,"
Gale,Con picante,"pica, , , , ",spicy,"pica,,,,"
Galed,Picor,,itch,#VALUE!
Galerba,Muy picante,,Very spicy,#VALUE!
Gali,Bejuco,,Bejuco,#VALUE!
Aggu,Quijada,"mentón, mandíbula, maxilar, , ",Jaw,"chin, jaw, jaw,"
Galimba,Callejones,,alleys,#VALUE!
Galu,Pared de caña brava,"Sitio sagrado, , , , ",Reed wall,"Sacred site,,,,"
Gamdur,Jefe de ceremonia de ceremonia de chicha,,Head of ceremony ceremony chicha,#VALUE!
Gamdule,Jefe de ceremonia de chicha,,Head of ceremony chicha,#VALUE!
Gammi,Canalete,"remo, , , , ",canalete,"I paddle,,,,"
Gammied,Remar,,Row,#VALUE!
Gammu,Garganta,"Flauta de bambú, , , , ",Throat,"Bamboo flute,,,,"
Gammuburwi,Flautillas,"Instrumentos musical, , , , ",flutes,"musical instruments,,,,"
Gangi,Flautillas,"instrumento musical, , , , ",flutes,"musical instrument, , , ,"
Gan,Silla,"Asiento, Sitial, Abundancia de plural, , ",Chair,"Seat, seat, Abundance plural,"
Agguar,inconcluso,"fragmentario, inacabado, , , ",unfinished,"fragmentary, unfinished,,,"
Gana,Silla,"Sitial, abundancia de, de plural, , ",Chair,"Sitial, abundance, plural,"
Ganbuled,Sillón,,Armchair,#VALUE!
Gandiggid,Valiente,"Capaz, , , , ",Brave,"Able,,,,"
Buled,Valiente,"Capaz, , , , ",Brave,"Able,,,,"
Buledi,Valiente,"Capaz, , , , ",Brave,"Able,,,,"
Gannaleged,Fortalecerse,"Alentarse, , , , ",Strengthen,"Encouraged,,,,"
Gannar,Otra vez,"de nuevo, repetido, huella, , ",Again,"again repeated footprint,"
Gannale,Otra vez,"de nuevo, , , , ",Again,"again, , , ,"
Gannir,Gallo,"gallina, , , , ",Rooster,"hen, , , ,"
Ganir,Gallo,"gallina, , , , ",Rooster,"hen, , , ,"
Agguale,Inconcluso,"fragmentario, inacabado, , , ",Unfinished,"fragmentary, unfinished,,,"
Ganniraggwa,Huevo de gallina,,Chicken egg,#VALUE!
Manisibu,Huevo de gallina,,Chicken egg,#VALUE!
Nuusaa,Huevo de gallina,,Chicken egg,#VALUE!
Gannirmassered,Gallo,,Rooster,#VALUE!
Gannirneg,Gallinero,,Hen house,#VALUE!
Gannirnega,Gallinero,,Hen house,#VALUE!
Gannirome,Gallina,,Hen,#VALUE!
Gannoged,Consolidar,"robustecer, , , , ",Consolidate,"strengthen,,,,"
Ogannoged,Fortalecer,"Vigorizar, , , , ",Strengthen,"Invigorating,,,,"
Gaobanwar,Caobo,,Caobo,#VALUE!
Aggued,defecar,"excretar, deponer, , , ",defecate,"excrete, depose,,,"
Gaobanwala,Caobo,,Caobo,#VALUE!
Garagwa,Flaco,"enjuto, , , , ",Skinny,"I gaunt,,,,"
Garba,Cesto,"Canasta, , , , ",Basket case,"Basket, , , ,"
Gardidor,Oriundo de Gardi,,Hailing from Gardi,#VALUE!
Gardidola,Oriuendo de Gardi,,Oriuendo of Gardi,#VALUE!
Gardu,Jaula,,Cage,#VALUE!
Gardug,Jaula,,Cage,#VALUE!
Gargwadired,Sanar los huevos,,Healing eggs,#VALUE!
Gargwaddired,Dislocarse un hueso,,Dislocate a bone,#VALUE!
Gargwenad,Hermano,"hermana, consanguineo, , , ",Brother,"sister, by blood,,,"
Disnaed,Defecar,"excretar, deponer, , , ",Defecate,"excrete, depose,,,"
Gargwenmalad,Familia,,Family,#VALUE!
Garibed,Fuerte,"Forzudo, , , , ",Strong,"I Strongman,,,,"
Galaibedi,Fuerte,"Forzudo, , , , ",Strong,"I Strongman,,,,"
Garsimur,Codo,,Elbow,#VALUE!
Garson,Pantalones,,Pants,#VALUE!
Gasbag,Soga para sostener hamaca,,Soga to sustain hammock,#VALUE!
Gasdibir,Muelle,"Puerto, , , , ",Dock,"Port,,,,"
Gasigasi,A gatas,,On all fours,#VALUE!
Gasimagged,Andar a gatas,"gatear, , , , ",Crawl,"crawl, , , ,"
Gassi,Hamaca,,Hammock,
Sadued,Defecar,"excretar, deponer, , , ",Defecate,"excrete, depose,,,"
Uugassi,Hamaca,,Hammock,
Gaugau,Gaviota,,Seagull,
Diridiri,Gaviota,,Seagull,
Gaya,Boca,"idioma, palabra, , , ",Mouth,"language, word,,,"
Gagga,Boca,"Idioma, Costa, , , ",Mouth,"Language, Costa,,"
Gai,Caña de azucar,,Sugar cane,
Gaya,Caña de azucar,,Sugar cane,
Gayaabinnid,Antonimo,,Antonym,
Gayabir,Labios,,Lips,
Gaggulig,Labios,,Lips,